network_id,spec_key,scope,profile,canonical_label,sources,edges,mean_source_accuracy,exposure_weighted_accuracy,source_hhi,mean_pair_source_overlap,mean_pair_agreement,private_discovery
C000,base:equal-baseline:K2,base,equal-baseline,K2N4:2-3@0001;2-3@1110,2,4,2/3,2/3,5/8,1/2,3/4,8/9
C001,base:equal-baseline:K2,base,equal-baseline,K2N4:2-3@0001;2-3@1111,2,5,2/3,2/3,17/25,1,7/8,7/9
C002,base:equal-baseline:K2,base,equal-baseline,K2N4:2-3@0011;2-3@1100,2,4,2/3,2/3,1/2,1/3,2/3,8/9
C003,base:equal-baseline:K2,base,equal-baseline,K2N4:2-3@0011;2-3@1101,2,5,2/3,2/3,13/25,2/3,17/24,8/9
C004,base:equal-baseline:K2,base,equal-baseline,K2N4:2-3@0011;2-3@1111,2,6,2/3,2/3,5/9,7/6,19/24,5/6
C005,base:equal-baseline:K2,base,equal-baseline,K2N4:2-3@0111;2-3@1011,2,6,2/3,2/3,1/2,1,17/24,8/9
C006,base:equal-baseline:K2,base,equal-baseline,K2N4:2-3@0111;2-3@1111,2,7,2/3,2/3,25/49,3/2,3/4,31/36
C007,base:equal-baseline:K2,base,equal-baseline,K2N4:2-3@1111;2-3@1111,2,8,2/3,2/3,1/2,2,3/4,31/36
C008,base:equal-baseline:K3,base,equal-baseline,K3N4:2-3@0001;2-3@0001;2-3@1110,3,5,2/3,2/3,11/25,1/2,3/4,8/9
C009,base:equal-baseline:K3,base,equal-baseline,K3N4:2-3@0001;2-3@0001;2-3@1111,3,6,2/3,2/3,1/2,1,187/216,68/81
C010,base:equal-baseline:K3,base,equal-baseline,K3N4:2-3@0001;2-3@0010;2-3@1100,3,4,2/3,2/3,3/8,1/6,7/12,26/27
C011,base:equal-baseline:K3,base,equal-baseline,K3N4:2-3@0001;2-3@0010;2-3@1101,3,5,2/3,2/3,11/25,1/2,2/3,25/27
C012,base:equal-baseline:K3,base,equal-baseline,K3N4:2-3@0001;2-3@0010;2-3@1111,3,6,2/3,2/3,1/2,1,37/48,23/27
C013,base:equal-baseline:K3,base,equal-baseline,K3N4:2-3@0001;2-3@0011;2-3@1100,3,5,2/3,2/3,9/25,1/3,5/8,25/27
C014,base:equal-baseline:K3,base,equal-baseline,K3N4:2-3@0001;2-3@0011;2-3@1101,3,6,2/3,2/3,7/18,2/3,151/216,73/81
C015,base:equal-baseline:K3,base,equal-baseline,K3N4:2-3@0001;2-3@0011;2-3@1110,3,6,2/3,2/3,7/18,2/3,11/16,49/54
C016,base:equal-baseline:K3,base,equal-baseline,K3N4:2-3@0001;2-3@0011;2-3@1111,3,7,2/3,2/3,3/7,7/6,169/216,47/54
C017,base:equal-baseline:K3,base,equal-baseline,K3N4:2-3@0001;2-3@0110;2-3@1010,3,5,2/3,2/3,9/25,1/3,7/12,26/27
C018,base:equal-baseline:K3,base,equal-baseline,K3N4:2-3@0001;2-3@0110;2-3@1011,3,6,2/3,2/3,7/18,2/3,31/48,25/27
C019,base:equal-baseline:K3,base,equal-baseline,K3N4:2-3@0001;2-3@0110;2-3@1110,3,6,2/3,2/3,7/18,2/3,5/8,17/18
C020,base:equal-baseline:K3,base,equal-baseline,K3N4:2-3@0001;2-3@0110;2-3@1111,3,7,2/3,2/3,3/7,7/6,17/24,8/9
C021,base:equal-baseline:K3,base,equal-baseline,K3N4:2-3@0001;2-3@0111;2-3@1011,3,7,2/3,2/3,19/49,1,151/216,73/81
C022,base:equal-baseline:K3,base,equal-baseline,K3N4:2-3@0001;2-3@0111;2-3@1110,3,7,2/3,2/3,19/49,1,2/3,11/12
C023,base:equal-baseline:K3,base,equal-baseline,K3N4:2-3@0001;2-3@0111;2-3@1111,3,8,2/3,2/3,13/32,3/2,20/27,287/324
C024,base:equal-baseline:K3,base,equal-baseline,K3N4:2-3@0001;2-3@1110;2-3@1110,3,7,2/3,2/3,19/49,1,5/8,17/18
C025,base:equal-baseline:K3,base,equal-baseline,K3N4:2-3@0001;2-3@1110;2-3@1111,3,8,2/3,2/3,13/32,3/2,11/16,65/72
C026,base:equal-baseline:K3,base,equal-baseline,K3N4:2-3@0001;2-3@1111;2-3@1111,3,9,2/3,2/3,11/27,2,20/27,287/324
C027,base:equal-baseline:K3,base,equal-baseline,K3N4:2-3@0011;2-3@0011;2-3@1100,3,6,2/3,2/3,1/3,1/2,5/8,25/27
C028,base:equal-baseline:K3,base,equal-baseline,K3N4:2-3@0011;2-3@0011;2-3@1101,3,7,2/3,2/3,17/49,5/6,151/216,73/81
C029,base:equal-baseline:K3,base,equal-baseline,K3N4:2-3@0011;2-3@0011;2-3@1111,3,8,2/3,2/3,3/8,4/3,131/162,208/243
C030,base:equal-baseline:K3,base,equal-baseline,K3N4:2-3@0011;2-3@0101;2-3@1001,3,6,2/3,2/3,1/3,1/2,133/216,26/27
C031,base:equal-baseline:K3,base,equal-baseline,K3N4:2-3@0011;2-3@0101;2-3@1010,3,6,2/3,2/3,1/3,1/2,29/48,17/18
C032,base:equal-baseline:K3,base,equal-baseline,K3N4:2-3@0011;2-3@0101;2-3@1011,3,7,2/3,2/3,17/49,5/6,71/108,151/162
C033,base:equal-baseline:K3,base,equal-baseline,K3N4:2-3@0011;2-3@0101;2-3@1110,3,7,2/3,2/3,17/49,5/6,31/48,25/27
C034,base:equal-baseline:K3,base,equal-baseline,K3N4:2-3@0011;2-3@0101;2-3@1111,3,8,2/3,2/3,3/8,4/3,311/432,73/81
C035,base:equal-baseline:K3,base,equal-baseline,K3N4:2-3@0011;2-3@0111;2-3@1011,3,8,2/3,2/3,11/32,7/6,235/324,221/243
C036,base:equal-baseline:K3,base,equal-baseline,K3N4:2-3@0011;2-3@0111;2-3@1100,3,7,2/3,2/3,17/49,5/6,5/8,101/108
C037,base:equal-baseline:K3,base,equal-baseline,K3N4:2-3@0011;2-3@0111;2-3@1101,3,8,2/3,2/3,11/32,7/6,293/432,11/12
C038,base:equal-baseline:K3,base,equal-baseline,K3N4:2-3@0011;2-3@0111;2-3@1111,3,9,2/3,2/3,29/81,5/3,497/648,143/162
C039,base:equal-baseline:K3,base,equal-baseline,K3N4:2-3@0011;2-3@1100;2-3@1111,3,8,2/3,2/3,3/8,4/3,2/3,197/216
C040,base:equal-baseline:K3,base,equal-baseline,K3N4:2-3@0011;2-3@1101;2-3@1101,3,8,2/3,2/3,11/32,7/6,71/108,151/162
C041,base:equal-baseline:K3,base,equal-baseline,K3N4:2-3@0011;2-3@1101;2-3@1110,3,8,2/3,2/3,11/32,7/6,31/48,25/27
C042,base:equal-baseline:K3,base,equal-baseline,K3N4:2-3@0011;2-3@1101;2-3@1111,3,9,2/3,2/3,29/81,5/3,151/216,589/648
C043,base:equal-baseline:K3,base,equal-baseline,K3N4:2-3@0011;2-3@1111;2-3@1111,3,10,2/3,2/3,9/25,13/6,497/648,143/162
C044,base:equal-baseline:K3,base,equal-baseline,K3N4:2-3@0111;2-3@0111;2-3@1011,3,9,2/3,2/3,1/3,3/2,235/324,221/243
C045,base:equal-baseline:K3,base,equal-baseline,K3N4:2-3@0111;2-3@0111;2-3@1111,3,10,2/3,2/3,17/50,2,179/216,632/729
C046,base:equal-baseline:K3,base,equal-baseline,K3N4:2-3@0111;2-3@1011;2-3@1101,3,9,2/3,2/3,1/3,3/2,293/432,11/12
C047,base:equal-baseline:K3,base,equal-baseline,K3N4:2-3@0111;2-3@1011;2-3@1111,3,10,2/3,2/3,17/50,2,967/1296,871/972
C048,base:equal-baseline:K3,base,equal-baseline,K3N4:2-3@0111;2-3@1111;2-3@1111,3,11,2/3,2/3,41/121,5/2,179/216,632/729
C049,base:equal-baseline:K3,base,equal-baseline,K3N4:2-3@1111;2-3@1111;2-3@1111,3,12,2/3,2/3,1/3,3,25/27,605/729
C050,base:modest:K2,base,modest,K2N4:1-2@0001;2-3@1110,2,4,7/12,5/8,5/8,1/2,17/24,5/6
C051,base:modest:K2,base,modest,K2N4:1-2@0001;2-3@1111,2,5,7/12,19/30,17/25,1,41/48,3/4
C052,base:modest:K2,base,modest,K2N4:1-2@0011;2-3@1100,2,4,7/12,7/12,1/2,1/3,11/18,5/6
C053,base:modest:K2,base,modest,K2N4:1-2@0011;2-3@1101,2,5,7/12,3/5,13/25,2/3,95/144,5/6
C054,base:modest:K2,base,modest,K2N4:1-2@0011;2-3@1111,2,6,7/12,11/18,5/9,7/6,109/144,19/24
C055,base:modest:K2,base,modest,K2N4:1-2@0111;2-3@1000,2,4,7/12,13/24,5/8,1/2,17/24,5/6
C056,base:modest:K2,base,modest,K2N4:1-2@0111;2-3@1001,2,5,7/12,17/30,13/25,2/3,95/144,5/6
C057,base:modest:K2,base,modest,K2N4:1-2@0111;2-3@1011,2,6,7/12,7/12,1/2,1,95/144,5/6
C058,base:modest:K2,base,modest,K2N4:1-2@0111;2-3@1111,2,7,7/12,25/42,25/49,3/2,17/24,13/16
C059,base:modest:K2,base,modest,K2N4:1-2@1111;2-3@0001,2,5,7/12,8/15,17/25,1,41/48,2/3
C060,base:modest:K2,base,modest,K2N4:1-2@1111;2-3@0011,2,6,7/12,5/9,5/9,7/6,109/144,3/4
C061,base:modest:K2,base,modest,K2N4:1-2@1111;2-3@0111,2,7,7/12,4/7,25/49,3/2,17/24,19/24
C062,base:modest:K2,base,modest,K2N4:1-2@1111;2-3@1111,2,8,7/12,7/12,1/2,2,17/24,77/96
C063,base:modest:K3,base,modest,K3N4:1-2@0001;1-2@0001;2-3@1110,3,5,5/9,3/5,11/25,1/2,17/24,5/6
C064,base:modest:K3,base,modest,K3N4:1-2@0001;1-2@0001;2-3@1111,3,6,5/9,11/18,1/2,1,245/288,7/9
C065,base:modest:K3,base,modest,K3N4:1-2@0001;1-2@0010;2-3@1100,3,4,5/9,7/12,3/8,1/6,73/144,11/12
C066,base:modest:K3,base,modest,K3N4:1-2@0001;1-2@0010;2-3@1101,3,5,5/9,3/5,11/25,1/2,175/288,7/8
C067,base:modest:K3,base,modest,K3N4:1-2@0001;1-2@0010;2-3@1111,3,6,5/9,11/18,1/2,1,421/576,13/16
C068,base:modest:K3,base,modest,K3N4:1-2@0001;1-2@0011;2-3@1100,3,5,5/9,17/30,9/25,1/3,161/288,7/8
C069,base:modest:K3,base,modest,K3N4:1-2@0001;1-2@0011;2-3@1101,3,6,5/9,7/12,7/18,2/3,187/288,61/72
C070,base:modest:K3,base,modest,K3N4:1-2@0001;1-2@0011;2-3@1110,3,6,5/9,7/12,7/18,2/3,365/576,41/48
C071,base:modest:K3,base,modest,K3N4:1-2@0001;1-2@0011;2-3@1111,3,7,5/9,25/42,3/7,7/6,3/4,13/16
C072,base:modest:K3,base,modest,K3N4:1-2@0001;1-2@0110;2-3@1000,3,4,5/9,13/24,3/8,1/6,1/2,11/12
C073,base:modest:K3,base,modest,K3N4:1-2@0001;1-2@0110;2-3@1001,3,5,5/9,17/30,9/25,1/3,5/9,7/8
C074,base:modest:K3,base,modest,K3N4:1-2@0001;1-2@0110;2-3@1010,3,5,5/9,17/30,9/25,1/3,145/288,11/12
C075,base:modest:K3,base,modest,K3N4:1-2@0001;1-2@0110;2-3@1011,3,6,5/9,7/12,7/18,2/3,335/576,7/8
C076,base:modest:K3,base,modest,K3N4:1-2@0001;1-2@0110;2-3@1110,3,6,5/9,7/12,7/18,2/3,5/9,43/48
C077,base:modest:K3,base,modest,K3N4:1-2@0001;1-2@0110;2-3@1111,3,7,5/9,25/42,3/7,7/6,21/32,27/32
C078,base:modest:K3,base,modest,K3N4:1-2@0001;1-2@0111;2-3@1000,3,5,5/9,8/15,11/25,1/2,29/48,7/8
C079,base:modest:K3,base,modest,K3N4:1-2@0001;1-2@0111;2-3@1001,3,6,5/9,5/9,7/18,2/3,185/288,61/72
C080,base:modest:K3,base,modest,K3N4:1-2@0001;1-2@0111;2-3@1010,3,6,5/9,5/9,7/18,2/3,335/576,7/8
C081,base:modest:K3,base,modest,K3N4:1-2@0001;1-2@0111;2-3@1011,3,7,5/9,4/7,19/49,1,31/48,61/72
C082,base:modest:K3,base,modest,K3N4:1-2@0001;1-2@0111;2-3@1110,3,7,5/9,4/7,19/49,1,175/288,83/96
C083,base:modest:K3,base,modest,K3N4:1-2@0001;1-2@0111;2-3@1111,3,8,5/9,7/12,13/32,3/2,67/96,239/288
C084,base:modest:K3,base,modest,K3N4:1-2@0001;1-2@1110;2-3@0001,3,5,5/9,8/15,11/25,1/2,67/96,19/24
C085,base:modest:K3,base,modest,K3N4:1-2@0001;1-2@1110;2-3@0010,3,5,5/9,8/15,11/25,1/2,19/32,5/6
C086,base:modest:K3,base,modest,K3N4:1-2@0001;1-2@1110;2-3@0011,3,6,5/9,5/9,7/18,2/3,361/576,5/6
C087,base:modest:K3,base,modest,K3N4:1-2@0001;1-2@1110;2-3@0110,3,6,5/9,5/9,7/18,2/3,79/144,7/8
C088,base:modest:K3,base,modest,K3N4:1-2@0001;1-2@1110;2-3@0111,3,7,5/9,4/7,19/49,1,29/48,41/48
C089,base:modest:K3,base,modest,K3N4:1-2@0001;1-2@1110;2-3@1110,3,7,5/9,4/7,19/49,1,53/96,85/96
C090,base:modest:K3,base,modest,K3N4:1-2@0001;1-2@1110;2-3@1111,3,8,5/9,7/12,13/32,3/2,121/192,163/192
C091,base:modest:K3,base,modest,K3N4:1-2@0001;1-2@1111;2-3@0001,3,6,5/9,19/36,1/2,1,239/288,17/24
C092,base:modest:K3,base,modest,K3N4:1-2@0001;1-2@1111;2-3@0010,3,6,5/9,19/36,1/2,1,139/192,3/4
C093,base:modest:K3,base,modest,K3N4:1-2@0001;1-2@1111;2-3@0011,3,7,5/9,23/42,3/7,7/6,53/72,7/9
C094,base:modest:K3,base,modest,K3N4:1-2@0001;1-2@1111;2-3@0110,3,7,5/9,23/42,3/7,7/6,47/72,13/16
C095,base:modest:K3,base,modest,K3N4:1-2@0001;1-2@1111;2-3@0111,3,8,5/9,9/16,13/32,3/2,199/288,13/16
C096,base:modest:K3,base,modest,K3N4:1-2@0001;1-2@1111;2-3@1110,3,8,5/9,9/16,13/32,3/2,121/192,161/192
C097,base:modest:K3,base,modest,K3N4:1-2@0001;1-2@1111;2-3@1111,3,9,5/9,31/54,11/27,2,25/36,473/576
C098,base:modest:K3,base,modest,K3N4:1-2@0001;2-3@0001;2-3@1110,3,5,11/18,19/30,11/25,1/2,35/48,31/36
C099,base:modest:K3,base,modest,K3N4:1-2@0001;2-3@0001;2-3@1111,3,6,11/18,23/36,1/2,1,373/432,29/36
C100,base:modest:K3,base,modest,K3N4:1-2@0001;2-3@0010;2-3@1100,3,4,11/18,5/8,3/8,1/6,13/24,17/18
C101,base:modest:K3,base,modest,K3N4:1-2@0001;2-3@0010;2-3@1101,3,5,11/18,19/30,11/25,1/2,31/48,11/12
C102,base:modest:K3,base,modest,K3N4:1-2@0001;2-3@0010;2-3@1110,3,5,11/18,19/30,11/25,1/2,5/8,8/9
C103,base:modest:K3,base,modest,K3N4:1-2@0001;2-3@0010;2-3@1111,3,6,11/18,23/36,1/2,1,3/4,5/6
C104,base:modest:K3,base,modest,K3N4:1-2@0001;2-3@0011;2-3@1100,3,5,11/18,19/30,9/25,1/3,29/48,11/12
C105,base:modest:K3,base,modest,K3N4:1-2@0001;2-3@0011;2-3@1101,3,6,11/18,23/36,7/18,2/3,301/432,97/108
C106,base:modest:K3,base,modest,K3N4:1-2@0001;2-3@0011;2-3@1110,3,6,11/18,23/36,7/18,2/3,2/3,8/9
C107,base:modest:K3,base,modest,K3N4:1-2@0001;2-3@0011;2-3@1111,3,7,11/18,9/14,3/7,7/6,337/432,23/27
C108,base:modest:K3,base,modest,K3N4:1-2@0001;2-3@0110;2-3@1010,3,5,11/18,19/30,9/25,1/3,13/24,17/18
C109,base:modest:K3,base,modest,K3N4:1-2@0001;2-3@0110;2-3@1011,3,6,11/18,23/36,7/18,2/3,5/8,11/12
C110,base:modest:K3,base,modest,K3N4:1-2@0001;2-3@0110;2-3@1110,3,6,11/18,23/36,7/18,2/3,7/12,11/12
C111,base:modest:K3,base,modest,K3N4:1-2@0001;2-3@0110;2-3@1111,3,7,11/18,9/14,3/7,7/6,11/16,7/8
C112,base:modest:K3,base,modest,K3N4:1-2@0001;2-3@0111;2-3@1011,3,7,11/18,9/14,19/49,1,301/432,97/108
C113,base:modest:K3,base,modest,K3N4:1-2@0001;2-3@0111;2-3@1110,3,7,11/18,9/14,19/49,1,31/48,65/72
C114,base:modest:K3,base,modest,K3N4:1-2@0001;2-3@0111;2-3@1111,3,8,11/18,31/48,13/32,3/2,319/432,7/8
C115,base:modest:K3,base,modest,K3N4:1-2@0001;2-3@1110;2-3@1110,3,7,11/18,9/14,19/49,1,7/12,11/12
C116,base:modest:K3,base,modest,K3N4:1-2@0001;2-3@1110;2-3@1111,3,8,11/18,31/48,13/32,3/2,2/3,8/9
C117,base:modest:K3,base,modest,K3N4:1-2@0001;2-3@1111;2-3@1111,3,9,11/18,35/54,11/27,2,319/432,7/8
C118,base:modest:K3,base,modest,K3N4:1-2@0011;1-2@0011;2-3@1100,3,6,5/9,5/9,1/3,1/2,161/288,7/8
C119,base:modest:K3,base,modest,K3N4:1-2@0011;1-2@0011;2-3@1101,3,7,5/9,4/7,17/49,5/6,187/288,61/72
C120,base:modest:K3,base,modest,K3N4:1-2@0011;1-2@0011;2-3@1111,3,8,5/9,7/12,3/8,4/3,169/216,43/54
C121,base:modest:K3,base,modest,K3N4:1-2@0011;1-2@0101;2-3@1000,3,5,5/9,8/15,9/25,1/3,1/2,11/12
C122,base:modest:K3,base,modest,K3N4:1-2@0011;1-2@0101;2-3@1001,3,6,5/9,5/9,1/3,1/2,155/288,11/12
C123,base:modest:K3,base,modest,K3N4:1-2@0011;1-2@0101;2-3@1010,3,6,5/9,5/9,1/3,1/2,305/576,43/48
C124,base:modest:K3,base,modest,K3N4:1-2@0011;1-2@0101;2-3@1011,3,7,5/9,4/7,17/49,5/6,19/32,127/144
C125,base:modest:K3,base,modest,K3N4:1-2@0011;1-2@0101;2-3@1110,3,7,5/9,4/7,17/49,5/6,335/576,7/8
C126,base:modest:K3,base,modest,K3N4:1-2@0011;1-2@0101;2-3@1111,3,8,5/9,7/12,3/8,4/3,43/64,61/72
C127,base:modest:K3,base,modest,K3N4:1-2@0011;1-2@0111;2-3@1000,3,6,5/9,19/36,7/18,2/3,53/96,43/48
C128,base:modest:K3,base,modest,K3N4:1-2@0011;1-2@0111;2-3@1001,3,7,5/9,23/42,17/49,5/6,85/144,127/144
C129,base:modest:K3,base,modest,K3N4:1-2@0011;1-2@0111;2-3@1011,3,8,5/9,9/16,11/32,7/6,145/216,185/216
C130,base:modest:K3,base,modest,K3N4:1-2@0011;1-2@0111;2-3@1100,3,7,5/9,23/42,17/49,5/6,5/9,85/96
C131,base:modest:K3,base,modest,K3N4:1-2@0011;1-2@0111;2-3@1101,3,8,5/9,9/16,11/32,7/6,119/192,83/96
C132,base:modest:K3,base,modest,K3N4:1-2@0011;1-2@0111;2-3@1111,3,9,5/9,31/54,29/81,5/3,157/216,119/144
C133,base:modest:K3,base,modest,K3N4:1-2@0011;1-2@1100;2-3@0001,3,5,5/9,8/15,9/25,1/3,13/24,5/6
C134,base:modest:K3,base,modest,K3N4:1-2@0011;1-2@1100;2-3@0011,3,6,5/9,5/9,1/3,1/2,79/144,41/48
C135,base:modest:K3,base,modest,K3N4:1-2@0011;1-2@1100;2-3@0101,3,6,5/9,5/9,1/3,1/2,301/576,7/8
C136,base:modest:K3,base,modest,K3N4:1-2@0011;1-2@1100;2-3@0111,3,7,5/9,4/7,17/49,5/6,53/96,7/8
C137,base:modest:K3,base,modest,K3N4:1-2@0011;1-2@1100;2-3@1111,3,8,5/9,7/12,3/8,4/3,29/48,55/64
C138,base:modest:K3,base,modest,K3N4:1-2@0011;1-2@1101;2-3@0001,3,6,5/9,19/36,7/18,2/3,179/288,7/9
C139,base:modest:K3,base,modest,K3N4:1-2@0011;1-2@1101;2-3@0010,3,6,5/9,19/36,7/18,2/3,119/192,13/16
C140,base:modest:K3,base,modest,K3N4:1-2@0011;1-2@1101;2-3@0011,3,7,5/9,23/42,17/49,5/6,91/144,13/16
C141,base:modest:K3,base,modest,K3N4:1-2@0011;1-2@1101;2-3@0100,3,6,5/9,19/36,7/18,2/3,109/192,5/6
C142,base:modest:K3,base,modest,K3N4:1-2@0011;1-2@1101;2-3@0101,3,7,5/9,23/42,17/49,5/6,167/288,61/72
C143,base:modest:K3,base,modest,K3N4:1-2@0011;1-2@1101;2-3@0110,3,7,5/9,23/42,17/49,5/6,331/576,41/48
C144,base:modest:K3,base,modest,K3N4:1-2@0011;1-2@1101;2-3@0111,3,8,5/9,9/16,11/32,7/6,353/576,61/72
C145,base:modest:K3,base,modest,K3N4:1-2@0011;1-2@1101;2-3@1100,3,7,5/9,23/42,17/49,5/6,79/144,83/96
C146,base:modest:K3,base,modest,K3N4:1-2@0011;1-2@1101;2-3@1101,3,8,5/9,9/16,11/32,7/6,169/288,83/96
C147,base:modest:K3,base,modest,K3N4:1-2@0011;1-2@1101;2-3@1110,3,8,5/9,9/16,11/32,7/6,37/64,83/96
C148,base:modest:K3,base,modest,K3N4:1-2@0011;1-2@1101;2-3@1111,3,9,5/9,31/54,29/81,5/3,185/288,61/72
C149,base:modest:K3,base,modest,K3N4:1-2@0011;1-2@1111;2-3@0001,3,7,5/9,11/21,3/7,7/6,209/288,107/144
C150,base:modest:K3,base,modest,K3N4:1-2@0011;1-2@1111;2-3@0011,3,8,5/9,13/24,3/8,4/3,163/216,53/72
C151,base:modest:K3,base,modest,K3N4:1-2@0011;1-2@1111;2-3@0100,3,7,5/9,11/21,3/7,7/6,31/48,19/24
C152,base:modest:K3,base,modest,K3N4:1-2@0011;1-2@1111;2-3@0101,3,8,5/9,13/24,3/8,4/3,379/576,13/16
C153,base:modest:K3,base,modest,K3N4:1-2@0011;1-2@1111;2-3@0111,3,9,5/9,5/9,29/81,5/3,77/108,43/54
C154,base:modest:K3,base,modest,K3N4:1-2@0011;1-2@1111;2-3@1100,3,8,5/9,13/24,3/8,4/3,173/288,161/192
C155,base:modest:K3,base,modest,K3N4:1-2@0011;1-2@1111;2-3@1101,3,9,5/9,5/9,29/81,5/3,23/36,161/192
C156,base:modest:K3,base,modest,K3N4:1-2@0011;1-2@1111;2-3@1111,3,10,5/9,17/30,9/25,13/6,311/432,701/864
C157,base:modest:K3,base,modest,K3N4:1-2@0011;2-3@0001;2-3@1100,3,5,11/18,3/5,9/25,1/3,83/144,8/9
C158,base:modest:K3,base,modest,K3N4:1-2@0011;2-3@0001;2-3@1101,3,6,11/18,11/18,7/18,2/3,283/432,23/27
C159,base:modest:K3,base,modest,K3N4:1-2@0011;2-3@0001;2-3@1110,3,6,11/18,11/18,7/18,2/3,47/72,7/8
C160,base:modest:K3,base,modest,K3N4:1-2@0011;2-3@0001;2-3@1111,3,7,11/18,13/21,3/7,7/6,41/54,179/216
C161,base:modest:K3,base,modest,K3N4:1-2@0011;2-3@0011;2-3@1100,3,6,11/18,11/18,1/3,1/2,85/144,65/72
C162,base:modest:K3,base,modest,K3N4:1-2@0011;2-3@0011;2-3@1101,3,7,11/18,13/21,17/49,5/6,73/108,7/8
C163,base:modest:K3,base,modest,K3N4:1-2@0011;2-3@0011;2-3@1111,3,8,11/18,5/8,3/8,4/3,65/81,89/108
C164,base:modest:K3,base,modest,K3N4:1-2@0011;2-3@0100;2-3@1000,3,4,11/18,7/12,3/8,1/6,19/36,17/18
C165,base:modest:K3,base,modest,K3N4:1-2@0011;2-3@0100;2-3@1001,3,5,11/18,3/5,9/25,1/3,77/144,17/18
C166,base:modest:K3,base,modest,K3N4:1-2@0011;2-3@0100;2-3@1011,3,6,11/18,11/18,7/18,2/3,85/144,67/72
C167,base:modest:K3,base,modest,K3N4:1-2@0011;2-3@0100;2-3@1100,3,5,11/18,3/5,9/25,1/3,41/72,8/9
C168,base:modest:K3,base,modest,K3N4:1-2@0011;2-3@0100;2-3@1101,3,6,11/18,11/18,7/18,2/3,43/72,8/9
C169,base:modest:K3,base,modest,K3N4:1-2@0011;2-3@0100;2-3@1111,3,7,11/18,13/21,3/7,7/6,97/144,31/36
C170,base:modest:K3,base,modest,K3N4:1-2@0011;2-3@0101;2-3@1001,3,6,11/18,11/18,1/3,1/2,247/432,17/18
C171,base:modest:K3,base,modest,K3N4:1-2@0011;2-3@0101;2-3@1010,3,6,11/18,11/18,1/3,1/2,41/72,67/72
C172,base:modest:K3,base,modest,K3N4:1-2@0011;2-3@0101;2-3@1011,3,7,11/18,13/21,17/49,5/6,137/216,199/216
C173,base:modest:K3,base,modest,K3N4:1-2@0011;2-3@0101;2-3@1100,3,6,11/18,11/18,1/3,1/2,5/9,11/12
C174,base:modest:K3,base,modest,K3N4:1-2@0011;2-3@0101;2-3@1101,3,7,11/18,13/21,17/49,5/6,265/432,97/108
C175,base:modest:K3,base,modest,K3N4:1-2@0011;2-3@0101;2-3@1110,3,7,11/18,13/21,17/49,5/6,11/18,65/72
C176,base:modest:K3,base,modest,K3N4:1-2@0011;2-3@0101;2-3@1111,3,8,11/18,5/8,3/8,4/3,301/432,7/8
C177,base:modest:K3,base,modest,K3N4:1-2@0011;2-3@0111;2-3@1011,3,8,11/18,5/8,11/32,7/6,233/324,293/324
C178,base:modest:K3,base,modest,K3N4:1-2@0011;2-3@0111;2-3@1100,3,7,11/18,13/21,17/49,5/6,85/144,11/12
C179,base:modest:K3,base,modest,K3N4:1-2@0011;2-3@0111;2-3@1101,3,8,11/18,5/8,11/32,7/6,283/432,97/108
C180,base:modest:K3,base,modest,K3N4:1-2@0011;2-3@0111;2-3@1111,3,9,11/18,17/27,29/81,5/3,493/648,70/81
C181,base:modest:K3,base,modest,K3N4:1-2@0011;2-3@1100;2-3@1100,3,6,11/18,11/18,1/3,1/2,41/72,8/9
C182,base:modest:K3,base,modest,K3N4:1-2@0011;2-3@1100;2-3@1101,3,7,11/18,13/21,17/49,5/6,83/144,65/72
C183,base:modest:K3,base,modest,K3N4:1-2@0011;2-3@1100;2-3@1111,3,8,11/18,5/8,3/8,4/3,91/144,8/9
C184,base:modest:K3,base,modest,K3N4:1-2@0011;2-3@1101;2-3@1101,3,8,11/18,5/8,11/32,7/6,265/432,97/108
C185,base:modest:K3,base,modest,K3N4:1-2@0011;2-3@1101;2-3@1110,3,8,11/18,5/8,11/32,7/6,11/18,65/72
C186,base:modest:K3,base,modest,K3N4:1-2@0011;2-3@1101;2-3@1111,3,9,11/18,17/27,29/81,5/3,73/108,383/432
C187,base:modest:K3,base,modest,K3N4:1-2@0011;2-3@1111;2-3@1111,3,10,11/18,19/30,9/25,13/6,493/648,70/81
C188,base:modest:K3,base,modest,K3N4:1-2@0111;1-2@0111;2-3@1000,3,7,5/9,11/21,19/49,1,53/96,43/48
C189,base:modest:K3,base,modest,K3N4:1-2@0111;1-2@0111;2-3@1001,3,8,5/9,13/24,11/32,7/6,85/144,127/144
C190,base:modest:K3,base,modest,K3N4:1-2@0111;1-2@0111;2-3@1011,3,9,5/9,5/9,1/3,3/2,145/216,185/216
C191,base:modest:K3,base,modest,K3N4:1-2@0111;1-2@0111;2-3@1111,3,10,5/9,17/30,17/50,2,229/288,131/162
C192,base:modest:K3,base,modest,K3N4:1-2@0111;1-2@1011;2-3@0001,3,7,5/9,11/21,19/49,1,179/288,7/9
C193,base:modest:K3,base,modest,K3N4:1-2@0111;1-2@1011;2-3@0011,3,8,5/9,13/24,11/32,7/6,281/432,43/54
C194,base:modest:K3,base,modest,K3N4:1-2@0111;1-2@1011;2-3@0100,3,7,5/9,11/21,19/49,1,19/32,79/96
C195,base:modest:K3,base,modest,K3N4:1-2@0111;1-2@1011;2-3@0101,3,8,5/9,13/24,11/32,7/6,349/576,239/288
C196,base:modest:K3,base,modest,K3N4:1-2@0111;1-2@1011;2-3@0111,3,9,5/9,5/9,1/3,3/2,571/864,119/144
C197,base:modest:K3,base,modest,K3N4:1-2@0111;1-2@1011;2-3@1100,3,8,5/9,13/24,11/32,7/6,331/576,41/48
C198,base:modest:K3,base,modest,K3N4:1-2@0111;1-2@1011;2-3@1101,3,9,5/9,5/9,1/3,3/2,353/576,61/72
C199,base:modest:K3,base,modest,K3N4:1-2@0111;1-2@1011;2-3@1111,3,10,5/9,17/30,17/50,2,1199/1728,119/144
C200,base:modest:K3,base,modest,K3N4:1-2@0111;1-2@1111;2-3@0001,3,8,5/9,25/48,13/32,3/2,97/144,73/96
C201,base:modest:K3,base,modest,K3N4:1-2@0111;1-2@1111;2-3@0011,3,9,5/9,29/54,29/81,5/3,607/864,331/432
C202,base:modest:K3,base,modest,K3N4:1-2@0111;1-2@1111;2-3@0111,3,10,5/9,11/20,17/50,2,223/288,163/216
C203,base:modest:K3,base,modest,K3N4:1-2@0111;1-2@1111;2-3@1000,3,8,5/9,25/48,13/32,3/2,119/192,155/192
C204,base:modest:K3,base,modest,K3N4:1-2@0111;1-2@1111;2-3@1001,3,9,5/9,29/54,29/81,5/3,91/144,473/576
C205,base:modest:K3,base,modest,K3N4:1-2@0111;1-2@1111;2-3@1011,3,10,5/9,11/20,17/50,2,1187/1728,701/864
C206,base:modest:K3,base,modest,K3N4:1-2@0111;1-2@1111;2-3@1111,3,11,5/9,37/66,41/121,5/2,113/144,1013/1296
C207,base:modest:K3,base,modest,K3N4:1-2@0111;2-3@0001;2-3@1000,3,5,11/18,17/30,11/25,1/2,89/144,8/9
C208,base:modest:K3,base,modest,K3N4:1-2@0111;2-3@0001;2-3@1001,3,6,11/18,7/12,7/18,2/3,277/432,23/27
C209,base:modest:K3,base,modest,K3N4:1-2@0111;2-3@0001;2-3@1010,3,6,11/18,7/12,7/18,2/3,43/72,8/9
C210,base:modest:K3,base,modest,K3N4:1-2@0111;2-3@0001;2-3@1011,3,7,11/18,25/42,19/49,1,35/54,23/27
C211,base:modest:K3,base,modest,K3N4:1-2@0111;2-3@0001;2-3@1110,3,7,11/18,25/42,19/49,1,5/8,127/144
C212,base:modest:K3,base,modest,K3N4:1-2@0111;2-3@0001;2-3@1111,3,8,11/18,29/48,13/32,3/2,19/27,121/144
C213,base:modest:K3,base,modest,K3N4:1-2@0111;2-3@0011;2-3@1000,3,6,11/18,7/12,7/18,2/3,83/144,11/12
C214,base:modest:K3,base,modest,K3N4:1-2@0111;2-3@0011;2-3@1001,3,7,11/18,25/42,17/49,5/6,131/216,97/108
C215,base:modest:K3,base,modest,K3N4:1-2@0111;2-3@0011;2-3@1011,3,8,11/18,29/48,11/32,7/6,439/648,70/81
C216,base:modest:K3,base,modest,K3N4:1-2@0111;2-3@0011;2-3@1100,3,7,11/18,25/42,17/49,5/6,7/12,131/144
C217,base:modest:K3,base,modest,K3N4:1-2@0111;2-3@0011;2-3@1101,3,8,11/18,29/48,11/32,7/6,277/432,383/432
C218,base:modest:K3,base,modest,K3N4:1-2@0111;2-3@0011;2-3@1111,3,9,11/18,11/18,29/81,5/3,959/1296,547/648
C219,base:modest:K3,base,modest,K3N4:1-2@0111;2-3@0111;2-3@1000,3,7,11/18,25/42,19/49,1,7/12,133/144
C220,base:modest:K3,base,modest,K3N4:1-2@0111;2-3@0111;2-3@1001,3,8,11/18,29/48,11/32,7/6,67/108,131/144
C221,base:modest:K3,base,modest,K3N4:1-2@0111;2-3@0111;2-3@1011,3,9,11/18,11/18,1/3,3/2,905/1296,191/216
C222,base:modest:K3,base,modest,K3N4:1-2@0111;2-3@0111;2-3@1111,3,10,11/18,37/60,17/50,2,353/432,271/324
C223,base:modest:K3,base,modest,K3N4:1-2@0111;2-3@1000;2-3@1000,3,5,11/18,17/30,11/25,1/2,17/24,5/6
C224,base:modest:K3,base,modest,K3N4:1-2@0111;2-3@1000;2-3@1001,3,6,11/18,7/12,7/18,2/3,23/36,31/36
C225,base:modest:K3,base,modest,K3N4:1-2@0111;2-3@1000;2-3@1011,3,7,11/18,25/42,19/49,1,89/144,7/8
C226,base:modest:K3,base,modest,K3N4:1-2@0111;2-3@1000;2-3@1111,3,8,11/18,29/48,13/32,3/2,31/48,125/144
C227,base:modest:K3,base,modest,K3N4:1-2@0111;2-3@1001;2-3@1001,3,7,11/18,25/42,17/49,5/6,277/432,23/27
C228,base:modest:K3,base,modest,K3N4:1-2@0111;2-3@1001;2-3@1010,3,7,11/18,25/42,17/49,5/6,43/72,8/9
C229,base:modest:K3,base,modest,K3N4:1-2@0111;2-3@1001;2-3@1011,3,8,11/18,29/48,11/32,7/6,271/432,7/8
C230,base:modest:K3,base,modest,K3N4:1-2@0111;2-3@1001;2-3@1110,3,8,11/18,29/48,11/32,7/6,29/48,43/48
C231,base:modest:K3,base,modest,K3N4:1-2@0111;2-3@1001;2-3@1111,3,9,11/18,11/18,29/81,5/3,143/216,7/8
C232,base:modest:K3,base,modest,K3N4:1-2@0111;2-3@1011;2-3@1011,3,9,11/18,11/18,1/3,3/2,439/648,70/81
C233,base:modest:K3,base,modest,K3N4:1-2@0111;2-3@1011;2-3@1101,3,9,11/18,11/18,1/3,3/2,277/432,383/432
C234,base:modest:K3,base,modest,K3N4:1-2@0111;2-3@1011;2-3@1111,3,10,11/18,37/60,17/50,2,233/324,70/81
C235,base:modest:K3,base,modest,K3N4:1-2@0111;2-3@1111;2-3@1111,3,11,11/18,41/66,41/121,5/2,353/432,271/324
C236,base:modest:K3,base,modest,K3N4:1-2@1111;1-2@1111;2-3@0001,3,9,5/9,14/27,11/27,2,97/144,73/96
C237,base:modest:K3,base,modest,K3N4:1-2@1111;1-2@1111;2-3@0011,3,10,5/9,8/15,9/25,13/6,607/864,331/432
C238,base:modest:K3,base,modest,K3N4:1-2@1111;1-2@1111;2-3@0111,3,11,5/9,6/11,41/121,5/2,223/288,163/216
C239,base:modest:K3,base,modest,K3N4:1-2@1111;1-2@1111;2-3@1111,3,12,5/9,5/9,1/3,3,8/9,697/972
C240,base:modest:K3,base,modest,K3N4:1-2@1111;2-3@0001;2-3@0001,3,6,11/18,5/9,1/2,1,355/432,41/54
C241,base:modest:K3,base,modest,K3N4:1-2@1111;2-3@0001;2-3@0010,3,6,11/18,5/9,1/2,1,53/72,7/9
C242,base:modest:K3,base,modest,K3N4:1-2@1111;2-3@0001;2-3@0011,3,7,11/18,4/7,3/7,7/6,79/108,29/36
C243,base:modest:K3,base,modest,K3N4:1-2@1111;2-3@0001;2-3@0110,3,7,11/18,4/7,3/7,7/6,2/3,5/6
C244,base:modest:K3,base,modest,K3N4:1-2@1111;2-3@0001;2-3@0111,3,8,11/18,7/12,13/32,3/2,149/216,179/216
C245,base:modest:K3,base,modest,K3N4:1-2@1111;2-3@0001;2-3@1110,3,8,11/18,7/12,13/32,3/2,31/48,247/288
C246,base:modest:K3,base,modest,K3N4:1-2@1111;2-3@0001;2-3@1111,3,9,11/18,16/27,11/27,2,301/432,721/864
C247,base:modest:K3,base,modest,K3N4:1-2@1111;2-3@0011;2-3@0011,3,8,11/18,7/12,3/8,4/3,121/162,127/162
C248,base:modest:K3,base,modest,K3N4:1-2@1111;2-3@0011;2-3@0101,3,8,11/18,7/12,3/8,4/3,289/432,23/27
C249,base:modest:K3,base,modest,K3N4:1-2@1111;2-3@0011;2-3@0111,3,9,11/18,16/27,29/81,5/3,923/1296,89/108
C250,base:modest:K3,base,modest,K3N4:1-2@1111;2-3@0011;2-3@1100,3,8,11/18,7/12,3/8,4/3,5/8,251/288
C251,base:modest:K3,base,modest,K3N4:1-2@1111;2-3@0011;2-3@1101,3,9,11/18,16/27,29/81,5/3,283/432,751/864
C252,base:modest:K3,base,modest,K3N4:1-2@1111;2-3@0011;2-3@1111,3,10,11/18,3/5,9/25,13/6,941/1296,1081/1296
C253,base:modest:K3,base,modest,K3N4:1-2@1111;2-3@0111;2-3@0111,3,10,11/18,3/5,17/50,2,335/432,389/486
C254,base:modest:K3,base,modest,K3N4:1-2@1111;2-3@0111;2-3@1011,3,10,11/18,3/5,17/50,2,457/648,41/48
C255,base:modest:K3,base,modest,K3N4:1-2@1111;2-3@0111;2-3@1111,3,11,11/18,20/33,41/121,5/2,43/54,1591/1944
C256,base:modest:K3,base,modest,K3N4:1-2@1111;2-3@1111;2-3@1111,3,12,11/18,11/18,1/3,3,49/54,2269/2916
C257,base:near-uninformative:K2,base,near-uninformative,K2N4:1-3@0001;2-3@1110,2,4,1/2,7/12,5/8,1/2,2/3,7/9
C258,base:near-uninformative:K2,base,near-uninformative,K2N4:1-3@0001;2-3@1111,2,5,1/2,3/5,17/25,1,5/6,13/18
C259,base:near-uninformative:K2,base,near-uninformative,K2N4:1-3@0011;2-3@1100,2,4,1/2,1/2,1/2,1/3,5/9,7/9
C260,base:near-uninformative:K2,base,near-uninformative,K2N4:1-3@0011;2-3@1101,2,5,1/2,8/15,13/25,2/3,11/18,7/9
C261,base:near-uninformative:K2,base,near-uninformative,K2N4:1-3@0011;2-3@1111,2,6,1/2,5/9,5/9,7/6,13/18,3/4
C262,base:near-uninformative:K2,base,near-uninformative,K2N4:1-3@0111;2-3@1000,2,4,1/2,5/12,5/8,1/2,2/3,7/9
C263,base:near-uninformative:K2,base,near-uninformative,K2N4:1-3@0111;2-3@1001,2,5,1/2,7/15,13/25,2/3,11/18,7/9
C264,base:near-uninformative:K2,base,near-uninformative,K2N4:1-3@0111;2-3@1011,2,6,1/2,1/2,1/2,1,11/18,7/9
C265,base:near-uninformative:K2,base,near-uninformative,K2N4:1-3@0111;2-3@1111,2,7,1/2,11/21,25/49,3/2,2/3,55/72
C266,base:near-uninformative:K2,base,near-uninformative,K2N4:1-3@1111;2-3@0001,2,5,1/2,2/5,17/25,1,5/6,5/9
C267,base:near-uninformative:K2,base,near-uninformative,K2N4:1-3@1111;2-3@0011,2,6,1/2,4/9,5/9,7/6,13/18,2/3
C268,base:near-uninformative:K2,base,near-uninformative,K2N4:1-3@1111;2-3@0111,2,7,1/2,10/21,25/49,3/2,2/3,13/18
C269,base:near-uninformative:K2,base,near-uninformative,K2N4:1-3@1111;2-3@1111,2,8,1/2,1/2,1/2,2,2/3,107/144
C270,base:near-uninformative:K3,base,near-uninformative,K3N4:1-3@0001;1-3@0001;2-3@1110,3,5,4/9,8/15,11/25,1/2,2/3,7/9
C271,base:near-uninformative:K3,base,near-uninformative,K3N4:1-3@0001;1-3@0001;2-3@1111,3,6,4/9,5/9,1/2,1,22/27,59/81
C272,base:near-uninformative:K3,base,near-uninformative,K3N4:1-3@0001;1-3@0010;2-3@1100,3,4,4/9,1/2,3/8,1/6,4/9,23/27
C273,base:near-uninformative:K3,base,near-uninformative,K3N4:1-3@0001;1-3@0010;2-3@1101,3,5,4/9,8/15,11/25,1/2,5/9,22/27
C274,base:near-uninformative:K3,base,near-uninformative,K3N4:1-3@0001;1-3@0010;2-3@1111,3,6,4/9,5/9,1/2,1,25/36,83/108
C275,base:near-uninformative:K3,base,near-uninformative,K3N4:1-3@0001;1-3@0011;2-3@1100,3,5,4/9,7/15,9/25,1/3,1/2,22/27
C276,base:near-uninformative:K3,base,near-uninformative,K3N4:1-3@0001;1-3@0011;2-3@1101,3,6,4/9,1/2,7/18,2/3,16/27,64/81
C277,base:near-uninformative:K3,base,near-uninformative,K3N4:1-3@0001;1-3@0011;2-3@1110,3,6,4/9,1/2,7/18,2/3,7/12,43/54
C278,base:near-uninformative:K3,base,near-uninformative,K3N4:1-3@0001;1-3@0011;2-3@1111,3,7,4/9,11/21,3/7,7/6,19/27,41/54
C279,base:near-uninformative:K3,base,near-uninformative,K3N4:1-3@0001;1-3@0110;2-3@1000,3,4,4/9,5/12,3/8,1/6,4/9,23/27
C280,base:near-uninformative:K3,base,near-uninformative,K3N4:1-3@0001;1-3@0110;2-3@1001,3,5,4/9,7/15,9/25,1/3,1/2,22/27
C281,base:near-uninformative:K3,base,near-uninformative,K3N4:1-3@0001;1-3@0110;2-3@1010,3,5,4/9,7/15,9/25,1/3,4/9,23/27
C282,base:near-uninformative:K3,base,near-uninformative,K3N4:1-3@0001;1-3@0110;2-3@1011,3,6,4/9,1/2,7/18,2/3,19/36,22/27
C283,base:near-uninformative:K3,base,near-uninformative,K3N4:1-3@0001;1-3@0110;2-3@1110,3,6,4/9,1/2,7/18,2/3,1/2,5/6
C284,base:near-uninformative:K3,base,near-uninformative,K3N4:1-3@0001;1-3@0110;2-3@1111,3,7,4/9,11/21,3/7,7/6,11/18,19/24
C285,base:near-uninformative:K3,base,near-uninformative,K3N4:1-3@0001;1-3@0111;2-3@1000,3,5,4/9,2/5,11/25,1/2,5/9,22/27
C286,base:near-uninformative:K3,base,near-uninformative,K3N4:1-3@0001;1-3@0111;2-3@1001,3,6,4/9,4/9,7/18,2/3,16/27,64/81
C287,base:near-uninformative:K3,base,near-uninformative,K3N4:1-3@0001;1-3@0111;2-3@1010,3,6,4/9,4/9,7/18,2/3,19/36,22/27
C288,base:near-uninformative:K3,base,near-uninformative,K3N4:1-3@0001;1-3@0111;2-3@1011,3,7,4/9,10/21,19/49,1,16/27,64/81
C289,base:near-uninformative:K3,base,near-uninformative,K3N4:1-3@0001;1-3@0111;2-3@1110,3,7,4/9,10/21,19/49,1,5/9,29/36
C290,base:near-uninformative:K3,base,near-uninformative,K3N4:1-3@0001;1-3@0111;2-3@1111,3,8,4/9,1/2,13/32,3/2,35/54,251/324
C291,base:near-uninformative:K3,base,near-uninformative,K3N4:1-3@0001;1-3@1110;2-3@0001,3,5,4/9,2/5,11/25,1/2,2/3,2/3
C292,base:near-uninformative:K3,base,near-uninformative,K3N4:1-3@0001;1-3@1110;2-3@0010,3,5,4/9,2/5,11/25,1/2,5/9,19/27
C293,base:near-uninformative:K3,base,near-uninformative,K3N4:1-3@0001;1-3@1110;2-3@0011,3,6,4/9,4/9,7/18,2/3,7/12,20/27
C294,base:near-uninformative:K3,base,near-uninformative,K3N4:1-3@0001;1-3@1110;2-3@0110,3,6,4/9,4/9,7/18,2/3,1/2,7/9
C295,base:near-uninformative:K3,base,near-uninformative,K3N4:1-3@0001;1-3@1110;2-3@0111,3,7,4/9,10/21,19/49,1,5/9,7/9
C296,base:near-uninformative:K3,base,near-uninformative,K3N4:1-3@0001;1-3@1110;2-3@1110,3,7,4/9,10/21,19/49,1,1/2,29/36
C297,base:near-uninformative:K3,base,near-uninformative,K3N4:1-3@0001;1-3@1110;2-3@1111,3,8,4/9,1/2,13/32,3/2,7/12,113/144
C298,base:near-uninformative:K3,base,near-uninformative,K3N4:1-3@0001;1-3@1111;2-3@0001,3,6,4/9,7/18,1/2,1,22/27,44/81
C299,base:near-uninformative:K3,base,near-uninformative,K3N4:1-3@0001;1-3@1111;2-3@0010,3,6,4/9,7/18,1/2,1,25/36,17/27
C300,base:near-uninformative:K3,base,near-uninformative,K3N4:1-3@0001;1-3@1111;2-3@0011,3,7,4/9,3/7,3/7,7/6,19/27,2/3
C301,base:near-uninformative:K3,base,near-uninformative,K3N4:1-3@0001;1-3@1111;2-3@0110,3,7,4/9,3/7,3/7,7/6,11/18,13/18
C302,base:near-uninformative:K3,base,near-uninformative,K3N4:1-3@0001;1-3@1111;2-3@0111,3,8,4/9,11/24,13/32,3/2,35/54,59/81
C303,base:near-uninformative:K3,base,near-uninformative,K3N4:1-3@0001;1-3@1111;2-3@1110,3,8,4/9,11/24,13/32,3/2,7/12,55/72
C304,base:near-uninformative:K3,base,near-uninformative,K3N4:1-3@0001;1-3@1111;2-3@1111,3,9,4/9,13/27,11/27,2,35/54,487/648
C305,base:near-uninformative:K3,base,near-uninformative,K3N4:1-3@0001;2-3@0001;2-3@1110,3,5,5/9,3/5,11/25,1/2,17/24,5/6
C306,base:near-uninformative:K3,base,near-uninformative,K3N4:1-3@0001;2-3@0001;2-3@1111,3,6,5/9,11/18,1/2,1,31/36,125/162
C307,base:near-uninformative:K3,base,near-uninformative,K3N4:1-3@0001;2-3@0010;2-3@1100,3,4,5/9,7/12,3/8,1/6,1/2,25/27
C308,base:near-uninformative:K3,base,near-uninformative,K3N4:1-3@0001;2-3@0010;2-3@1101,3,5,5/9,3/5,11/25,1/2,5/8,49/54
C309,base:near-uninformative:K3,base,near-uninformative,K3N4:1-3@0001;2-3@0010;2-3@1110,3,5,5/9,3/5,11/25,1/2,7/12,23/27
C310,base:near-uninformative:K3,base,near-uninformative,K3N4:1-3@0001;2-3@0010;2-3@1111,3,6,5/9,11/18,1/2,1,35/48,22/27
C311,base:near-uninformative:K3,base,near-uninformative,K3N4:1-3@0001;2-3@0011;2-3@1100,3,5,5/9,3/5,9/25,1/3,7/12,49/54
C312,base:near-uninformative:K3,base,near-uninformative,K3N4:1-3@0001;2-3@0011;2-3@1101,3,6,5/9,11/18,7/18,2/3,25/36,145/162
C313,base:near-uninformative:K3,base,near-uninformative,K3N4:1-3@0001;2-3@0011;2-3@1110,3,6,5/9,11/18,7/18,2/3,31/48,47/54
C314,base:near-uninformative:K3,base,near-uninformative,K3N4:1-3@0001;2-3@0011;2-3@1111,3,7,5/9,13/21,3/7,7/6,7/9,5/6
C315,base:near-uninformative:K3,base,near-uninformative,K3N4:1-3@0001;2-3@0110;2-3@1010,3,5,5/9,3/5,9/25,1/3,1/2,25/27
C316,base:near-uninformative:K3,base,near-uninformative,K3N4:1-3@0001;2-3@0110;2-3@1011,3,6,5/9,11/18,7/18,2/3,29/48,49/54
C317,base:near-uninformative:K3,base,near-uninformative,K3N4:1-3@0001;2-3@0110;2-3@1110,3,6,5/9,11/18,7/18,2/3,13/24,8/9
C318,base:near-uninformative:K3,base,near-uninformative,K3N4:1-3@0001;2-3@0110;2-3@1111,3,7,5/9,13/21,3/7,7/6,2/3,31/36
C319,base:near-uninformative:K3,base,near-uninformative,K3N4:1-3@0001;2-3@0111;2-3@1011,3,7,5/9,13/21,19/49,1,25/36,145/162
C320,base:near-uninformative:K3,base,near-uninformative,K3N4:1-3@0001;2-3@0111;2-3@1110,3,7,5/9,13/21,19/49,1,5/8,8/9
C321,base:near-uninformative:K3,base,near-uninformative,K3N4:1-3@0001;2-3@0111;2-3@1111,3,8,5/9,5/8,13/32,3/2,53/72,70/81
C322,base:near-uninformative:K3,base,near-uninformative,K3N4:1-3@0001;2-3@1110;2-3@1110,3,7,5/9,13/21,19/49,1,13/24,8/9
C323,base:near-uninformative:K3,base,near-uninformative,K3N4:1-3@0001;2-3@1110;2-3@1111,3,8,5/9,5/8,13/32,3/2,31/48,7/8
C324,base:near-uninformative:K3,base,near-uninformative,K3N4:1-3@0001;2-3@1111;2-3@1111,3,9,5/9,17/27,11/27,2,53/72,70/81
C325,base:near-uninformative:K3,base,near-uninformative,K3N4:1-3@0011;1-3@0011;2-3@1100,3,6,4/9,4/9,1/3,1/2,1/2,22/27
C326,base:near-uninformative:K3,base,near-uninformative,K3N4:1-3@0011;1-3@0011;2-3@1101,3,7,4/9,10/21,17/49,5/6,16/27,64/81
C327,base:near-uninformative:K3,base,near-uninformative,K3N4:1-3@0011;1-3@0011;2-3@1111,3,8,4/9,1/2,3/8,4/3,59/81,181/243
C328,base:near-uninformative:K3,base,near-uninformative,K3N4:1-3@0011;1-3@0101;2-3@1000,3,5,4/9,2/5,9/25,1/3,4/9,23/27
C329,base:near-uninformative:K3,base,near-uninformative,K3N4:1-3@0011;1-3@0101;2-3@1001,3,6,4/9,4/9,1/3,1/2,13/27,23/27
C330,base:near-uninformative:K3,base,near-uninformative,K3N4:1-3@0011;1-3@0101;2-3@1010,3,6,4/9,4/9,1/3,1/2,17/36,5/6
C331,base:near-uninformative:K3,base,near-uninformative,K3N4:1-3@0011;1-3@0101;2-3@1011,3,7,4/9,10/21,17/49,5/6,29/54,133/162
C332,base:near-uninformative:K3,base,near-uninformative,K3N4:1-3@0011;1-3@0101;2-3@1110,3,7,4/9,10/21,17/49,5/6,19/36,22/27
C333,base:near-uninformative:K3,base,near-uninformative,K3N4:1-3@0011;1-3@0101;2-3@1111,3,8,4/9,1/2,3/8,4/3,67/108,64/81
C334,base:near-uninformative:K3,base,near-uninformative,K3N4:1-3@0011;1-3@0111;2-3@1000,3,6,4/9,7/18,7/18,2/3,1/2,5/6
C335,base:near-uninformative:K3,base,near-uninformative,K3N4:1-3@0011;1-3@0111;2-3@1001,3,7,4/9,3/7,17/49,5/6,29/54,133/162
C336,base:near-uninformative:K3,base,near-uninformative,K3N4:1-3@0011;1-3@0111;2-3@1011,3,8,4/9,11/24,11/32,7/6,50/81,194/243
C337,base:near-uninformative:K3,base,near-uninformative,K3N4:1-3@0011;1-3@0111;2-3@1100,3,7,4/9,3/7,17/49,5/6,1/2,89/108
C338,base:near-uninformative:K3,base,near-uninformative,K3N4:1-3@0011;1-3@0111;2-3@1101,3,8,4/9,11/24,11/32,7/6,61/108,29/36
C339,base:near-uninformative:K3,base,near-uninformative,K3N4:1-3@0011;1-3@0111;2-3@1111,3,9,4/9,13/27,29/81,5/3,109/162,125/162
C340,base:near-uninformative:K3,base,near-uninformative,K3N4:1-3@0011;1-3@1100;2-3@0001,3,5,4/9,2/5,9/25,1/3,1/2,19/27
C341,base:near-uninformative:K3,base,near-uninformative,K3N4:1-3@0011;1-3@1100;2-3@0011,3,6,4/9,4/9,1/3,1/2,1/2,41/54
C342,base:near-uninformative:K3,base,near-uninformative,K3N4:1-3@0011;1-3@1100;2-3@0101,3,6,4/9,4/9,1/3,1/2,17/36,7/9
C343,base:near-uninformative:K3,base,near-uninformative,K3N4:1-3@0011;1-3@1100;2-3@0111,3,7,4/9,10/21,17/49,5/6,1/2,43/54
C344,base:near-uninformative:K3,base,near-uninformative,K3N4:1-3@0011;1-3@1100;2-3@1111,3,8,4/9,1/2,3/8,4/3,5/9,343/432
C345,base:near-uninformative:K3,base,near-uninformative,K3N4:1-3@0011;1-3@1101;2-3@0001,3,6,4/9,7/18,7/18,2/3,16/27,49/81
C346,base:near-uninformative:K3,base,near-uninformative,K3N4:1-3@0011;1-3@1101;2-3@0010,3,6,4/9,7/18,7/18,2/3,7/12,37/54
C347,base:near-uninformative:K3,base,near-uninformative,K3N4:1-3@0011;1-3@1101;2-3@0011,3,7,4/9,3/7,17/49,5/6,16/27,113/162
C348,base:near-uninformative:K3,base,near-uninformative,K3N4:1-3@0011;1-3@1101;2-3@0100,3,6,4/9,7/18,7/18,2/3,19/36,19/27
C349,base:near-uninformative:K3,base,near-uninformative,K3N4:1-3@0011;1-3@1101;2-3@0101,3,7,4/9,3/7,17/49,5/6,29/54,59/81
C350,base:near-uninformative:K3,base,near-uninformative,K3N4:1-3@0011;1-3@1101;2-3@0110,3,7,4/9,3/7,17/49,5/6,19/36,41/54
C351,base:near-uninformative:K3,base,near-uninformative,K3N4:1-3@0011;1-3@1101;2-3@0111,3,8,4/9,11/24,11/32,7/6,61/108,41/54
C352,base:near-uninformative:K3,base,near-uninformative,K3N4:1-3@0011;1-3@1101;2-3@1100,3,7,4/9,3/7,17/49,5/6,1/2,83/108
C353,base:near-uninformative:K3,base,near-uninformative,K3N4:1-3@0011;1-3@1101;2-3@1101,3,8,4/9,11/24,11/32,7/6,29/54,251/324
C354,base:near-uninformative:K3,base,near-uninformative,K3N4:1-3@0011;1-3@1101;2-3@1110,3,8,4/9,11/24,11/32,7/6,19/36,85/108
C355,base:near-uninformative:K3,base,near-uninformative,K3N4:1-3@0011;1-3@1101;2-3@1111,3,9,4/9,13/27,29/81,5/3,16/27,251/324
C356,base:near-uninformative:K3,base,near-uninformative,K3N4:1-3@0011;1-3@1111;2-3@0001,3,7,4/9,8/21,3/7,7/6,19/27,31/54
C357,base:near-uninformative:K3,base,near-uninformative,K3N4:1-3@0011;1-3@1111;2-3@0011,3,8,4/9,5/12,3/8,4/3,59/81,142/243
C358,base:near-uninformative:K3,base,near-uninformative,K3N4:1-3@0011;1-3@1111;2-3@0100,3,7,4/9,8/21,3/7,7/6,11/18,2/3
C359,base:near-uninformative:K3,base,near-uninformative,K3N4:1-3@0011;1-3@1111;2-3@0101,3,8,4/9,5/12,3/8,4/3,67/108,113/162
C360,base:near-uninformative:K3,base,near-uninformative,K3N4:1-3@0011;1-3@1111;2-3@0111,3,9,4/9,4/9,29/81,5/3,109/162,56/81
C361,base:near-uninformative:K3,base,near-uninformative,K3N4:1-3@0011;1-3@1111;2-3@1100,3,8,4/9,5/12,3/8,4/3,5/9,161/216
C362,base:near-uninformative:K3,base,near-uninformative,K3N4:1-3@0011;1-3@1111;2-3@1101,3,9,4/9,4/9,29/81,5/3,16/27,487/648
C363,base:near-uninformative:K3,base,near-uninformative,K3N4:1-3@0011;1-3@1111;2-3@1111,3,10,4/9,7/15,9/25,13/6,109/162,79/108
C364,base:near-uninformative:K3,base,near-uninformative,K3N4:1-3@0011;2-3@0001;2-3@1100,3,5,5/9,8/15,9/25,1/3,19/36,23/27
C365,base:near-uninformative:K3,base,near-uninformative,K3N4:1-3@0011;2-3@0001;2-3@1101,3,6,5/9,5/9,7/18,2/3,11/18,65/81
C366,base:near-uninformative:K3,base,near-uninformative,K3N4:1-3@0011;2-3@0001;2-3@1110,3,6,5/9,5/9,7/18,2/3,89/144,91/108
C367,base:near-uninformative:K3,base,near-uninformative,K3N4:1-3@0011;2-3@0001;2-3@1111,3,7,5/9,4/7,3/7,7/6,53/72,85/108
C368,base:near-uninformative:K3,base,near-uninformative,K3N4:1-3@0011;2-3@0011;2-3@1100,3,6,5/9,5/9,1/3,1/2,5/9,95/108
C369,base:near-uninformative:K3,base,near-uninformative,K3N4:1-3@0011;2-3@0011;2-3@1101,3,7,5/9,4/7,17/49,5/6,47/72,275/324
C370,base:near-uninformative:K3,base,near-uninformative,K3N4:1-3@0011;2-3@0011;2-3@1111,3,8,5/9,7/12,3/8,4/3,43/54,385/486
C371,base:near-uninformative:K3,base,near-uninformative,K3N4:1-3@0011;2-3@0100;2-3@1000,3,4,5/9,1/2,3/8,1/6,17/36,25/27
C372,base:near-uninformative:K3,base,near-uninformative,K3N4:1-3@0011;2-3@0100;2-3@1001,3,5,5/9,8/15,9/25,1/3,35/72,25/27
C373,base:near-uninformative:K3,base,near-uninformative,K3N4:1-3@0011;2-3@0100;2-3@1011,3,6,5/9,5/9,7/18,2/3,5/9,11/12
C374,base:near-uninformative:K3,base,near-uninformative,K3N4:1-3@0011;2-3@0100;2-3@1100,3,5,5/9,8/15,9/25,1/3,37/72,23/27
C375,base:near-uninformative:K3,base,near-uninformative,K3N4:1-3@0011;2-3@0100;2-3@1101,3,6,5/9,5/9,7/18,2/3,79/144,23/27
C376,base:near-uninformative:K3,base,near-uninformative,K3N4:1-3@0011;2-3@0100;2-3@1111,3,7,5/9,4/7,3/7,7/6,23/36,5/6
C377,base:near-uninformative:K3,base,near-uninformative,K3N4:1-3@0011;2-3@0101;2-3@1001,3,6,5/9,5/9,1/3,1/2,19/36,25/27
C378,base:near-uninformative:K3,base,near-uninformative,K3N4:1-3@0011;2-3@0101;2-3@1010,3,6,5/9,5/9,1/3,1/2,77/144,11/12
C379,base:near-uninformative:K3,base,near-uninformative,K3N4:1-3@0011;2-3@0101;2-3@1011,3,7,5/9,4/7,17/49,5/6,11/18,295/324
C380,base:near-uninformative:K3,base,near-uninformative,K3N4:1-3@0011;2-3@0101;2-3@1100,3,6,5/9,5/9,1/3,1/2,73/144,8/9
C381,base:near-uninformative:K3,base,near-uninformative,K3N4:1-3@0011;2-3@0101;2-3@1101,3,7,5/9,4/7,17/49,5/6,41/72,70/81
C382,base:near-uninformative:K3,base,near-uninformative,K3N4:1-3@0011;2-3@0101;2-3@1110,3,7,5/9,4/7,17/49,5/6,83/144,95/108
C383,base:near-uninformative:K3,base,near-uninformative,K3N4:1-3@0011;2-3@0101;2-3@1111,3,8,5/9,7/12,3/8,4/3,97/144,275/324
C384,base:near-uninformative:K3,base,near-uninformative,K3N4:1-3@0011;2-3@0111;2-3@1011,3,8,5/9,7/12,11/32,7/6,77/108,437/486
C385,base:near-uninformative:K3,base,near-uninformative,K3N4:1-3@0011;2-3@0111;2-3@1100,3,7,5/9,4/7,17/49,5/6,5/9,97/108
C386,base:near-uninformative:K3,base,near-uninformative,K3N4:1-3@0011;2-3@0111;2-3@1101,3,8,5/9,7/12,11/32,7/6,91/144,95/108
C387,base:near-uninformative:K3,base,near-uninformative,K3N4:1-3@0011;2-3@0111;2-3@1111,3,9,5/9,16/27,29/81,5/3,163/216,137/162
C388,base:near-uninformative:K3,base,near-uninformative,K3N4:1-3@0011;2-3@1100;2-3@1100,3,6,5/9,5/9,1/3,1/2,37/72,23/27
C389,base:near-uninformative:K3,base,near-uninformative,K3N4:1-3@0011;2-3@1100;2-3@1101,3,7,5/9,4/7,17/49,5/6,19/36,47/54
C390,base:near-uninformative:K3,base,near-uninformative,K3N4:1-3@0011;2-3@1100;2-3@1111,3,8,5/9,7/12,3/8,4/3,43/72,187/216
C391,base:near-uninformative:K3,base,near-uninformative,K3N4:1-3@0011;2-3@1101;2-3@1101,3,8,5/9,7/12,11/32,7/6,41/72,70/81
C392,base:near-uninformative:K3,base,near-uninformative,K3N4:1-3@0011;2-3@1101;2-3@1110,3,8,5/9,7/12,11/32,7/6,83/144,95/108
C393,base:near-uninformative:K3,base,near-uninformative,K3N4:1-3@0011;2-3@1101;2-3@1111,3,9,5/9,16/27,29/81,5/3,47/72,70/81
C394,base:near-uninformative:K3,base,near-uninformative,K3N4:1-3@0011;2-3@1111;2-3@1111,3,10,5/9,3/5,9/25,13/6,163/216,137/162
C395,base:near-uninformative:K3,base,near-uninformative,K3N4:1-3@0111;1-3@0111;2-3@1000,3,7,4/9,8/21,19/49,1,1/2,5/6
C396,base:near-uninformative:K3,base,near-uninformative,K3N4:1-3@0111;1-3@0111;2-3@1001,3,8,4/9,5/12,11/32,7/6,29/54,133/162
C397,base:near-uninformative:K3,base,near-uninformative,K3N4:1-3@0111;1-3@0111;2-3@1011,3,9,4/9,4/9,1/3,3/2,50/81,194/243
C398,base:near-uninformative:K3,base,near-uninformative,K3N4:1-3@0111;1-3@0111;2-3@1111,3,10,4/9,7/15,17/50,2,20/27,551/729
C399,base:near-uninformative:K3,base,near-uninformative,K3N4:1-3@0111;1-3@1011;2-3@0001,3,7,4/9,8/21,19/49,1,16/27,49/81
C400,base:near-uninformative:K3,base,near-uninformative,K3N4:1-3@0111;1-3@1011;2-3@0011,3,8,4/9,5/12,11/32,7/6,50/81,155/243
C401,base:near-uninformative:K3,base,near-uninformative,K3N4:1-3@0111;1-3@1011;2-3@0100,3,7,4/9,8/21,19/49,1,5/9,25/36
C402,base:near-uninformative:K3,base,near-uninformative,K3N4:1-3@0111;1-3@1011;2-3@0101,3,8,4/9,5/12,11/32,7/6,61/108,77/108
C403,base:near-uninformative:K3,base,near-uninformative,K3N4:1-3@0111;1-3@1011;2-3@0111,3,9,4/9,4/9,1/3,3/2,50/81,349/486
C404,base:near-uninformative:K3,base,near-uninformative,K3N4:1-3@0111;1-3@1011;2-3@1100,3,8,4/9,5/12,11/32,7/6,19/36,41/54
C405,base:near-uninformative:K3,base,near-uninformative,K3N4:1-3@0111;1-3@1011;2-3@1101,3,9,4/9,4/9,1/3,3/2,61/108,41/54
C406,base:near-uninformative:K3,base,near-uninformative,K3N4:1-3@0111;1-3@1011;2-3@1111,3,10,4/9,7/15,17/50,2,209/324,181/243
C407,base:near-uninformative:K3,base,near-uninformative,K3N4:1-3@0111;1-3@1111;2-3@0001,3,8,4/9,3/8,13/32,3/2,35/54,191/324
C408,base:near-uninformative:K3,base,near-uninformative,K3N4:1-3@0111;1-3@1111;2-3@0011,3,9,4/9,11/27,29/81,5/3,109/162,11/18
C409,base:near-uninformative:K3,base,near-uninformative,K3N4:1-3@0111;1-3@1111;2-3@0111,3,10,4/9,13/30,17/50,2,20/27,446/729
C410,base:near-uninformative:K3,base,near-uninformative,K3N4:1-3@0111;1-3@1111;2-3@1000,3,8,4/9,3/8,13/32,3/2,7/12,49/72
C411,base:near-uninformative:K3,base,near-uninformative,K3N4:1-3@0111;1-3@1111;2-3@1001,3,9,4/9,11/27,29/81,5/3,16/27,457/648
C412,base:near-uninformative:K3,base,near-uninformative,K3N4:1-3@0111;1-3@1111;2-3@1011,3,10,4/9,13/30,17/50,2,209/324,685/972
C413,base:near-uninformative:K3,base,near-uninformative,K3N4:1-3@0111;1-3@1111;2-3@1111,3,11,4/9,5/11,41/121,5/2,20/27,997/1458
C414,base:near-uninformative:K3,base,near-uninformative,K3N4:1-3@0111;2-3@0001;2-3@1000,3,5,5/9,7/15,11/25,1/2,41/72,23/27
C415,base:near-uninformative:K3,base,near-uninformative,K3N4:1-3@0111;2-3@0001;2-3@1001,3,6,5/9,1/2,7/18,2/3,7/12,65/81
C416,base:near-uninformative:K3,base,near-uninformative,K3N4:1-3@0111;2-3@0001;2-3@1010,3,6,5/9,1/2,7/18,2/3,79/144,23/27
C417,base:near-uninformative:K3,base,near-uninformative,K3N4:1-3@0111;2-3@0001;2-3@1011,3,7,5/9,11/21,19/49,1,43/72,65/81
C418,base:near-uninformative:K3,base,near-uninformative,K3N4:1-3@0111;2-3@0001;2-3@1110,3,7,5/9,11/21,19/49,1,7/12,61/72
C419,base:near-uninformative:K3,base,near-uninformative,K3N4:1-3@0111;2-3@0001;2-3@1111,3,8,5/9,13/24,13/32,3/2,2/3,515/648
C420,base:near-uninformative:K3,base,near-uninformative,K3N4:1-3@0111;2-3@0011;2-3@1000,3,6,5/9,1/2,7/18,2/3,19/36,8/9
C421,base:near-uninformative:K3,base,near-uninformative,K3N4:1-3@0111;2-3@0011;2-3@1001,3,7,5/9,11/21,17/49,5/6,5/9,70/81
C422,base:near-uninformative:K3,base,near-uninformative,K3N4:1-3@0111;2-3@0011;2-3@1011,3,8,5/9,13/24,11/32,7/6,17/27,199/243
C423,base:near-uninformative:K3,base,near-uninformative,K3N4:1-3@0111;2-3@0011;2-3@1100,3,7,5/9,11/21,17/49,5/6,13/24,191/216
C424,base:near-uninformative:K3,base,near-uninformative,K3N4:1-3@0111;2-3@0011;2-3@1101,3,8,5/9,13/24,11/32,7/6,29/48,185/216
C425,base:near-uninformative:K3,base,near-uninformative,K3N4:1-3@0111;2-3@0011;2-3@1111,3,9,5/9,5/9,29/81,5/3,77/108,29/36
C426,base:near-uninformative:K3,base,near-uninformative,K3N4:1-3@0111;2-3@0111;2-3@1000,3,7,5/9,11/21,19/49,1,13/24,65/72
C427,base:near-uninformative:K3,base,near-uninformative,K3N4:1-3@0111;2-3@0111;2-3@1001,3,8,5/9,13/24,11/32,7/6,7/12,575/648
C428,base:near-uninformative:K3,base,near-uninformative,K3N4:1-3@0111;2-3@0111;2-3@1011,3,9,5/9,5/9,1/3,3/2,145/216,835/972
C429,base:near-uninformative:K3,base,near-uninformative,K3N4:1-3@0111;2-3@0111;2-3@1111,3,10,5/9,17/30,17/50,2,29/36,1175/1458
C430,base:near-uninformative:K3,base,near-uninformative,K3N4:1-3@0111;2-3@1000;2-3@1000,3,5,5/9,7/15,11/25,1/2,2/3,7/9
C431,base:near-uninformative:K3,base,near-uninformative,K3N4:1-3@0111;2-3@1000;2-3@1001,3,6,5/9,1/2,7/18,2/3,85/144,22/27
C432,base:near-uninformative:K3,base,near-uninformative,K3N4:1-3@0111;2-3@1000;2-3@1011,3,7,5/9,11/21,19/49,1,41/72,5/6
C433,base:near-uninformative:K3,base,near-uninformative,K3N4:1-3@0111;2-3@1000;2-3@1111,3,8,5/9,13/24,13/32,3/2,29/48,5/6
C434,base:near-uninformative:K3,base,near-uninformative,K3N4:1-3@0111;2-3@1001;2-3@1001,3,7,5/9,11/21,17/49,5/6,7/12,65/81
C435,base:near-uninformative:K3,base,near-uninformative,K3N4:1-3@0111;2-3@1001;2-3@1010,3,7,5/9,11/21,17/49,5/6,79/144,23/27
C436,base:near-uninformative:K3,base,near-uninformative,K3N4:1-3@0111;2-3@1001;2-3@1011,3,8,5/9,13/24,11/32,7/6,83/144,5/6
C437,base:near-uninformative:K3,base,near-uninformative,K3N4:1-3@0111;2-3@1001;2-3@1110,3,8,5/9,13/24,11/32,7/6,9/16,187/216
C438,base:near-uninformative:K3,base,near-uninformative,K3N4:1-3@0111;2-3@1001;2-3@1111,3,9,5/9,5/9,29/81,5/3,5/8,545/648
C439,base:near-uninformative:K3,base,near-uninformative,K3N4:1-3@0111;2-3@1011;2-3@1011,3,9,5/9,5/9,1/3,3/2,17/27,199/243
C440,base:near-uninformative:K3,base,near-uninformative,K3N4:1-3@0111;2-3@1011;2-3@1101,3,9,5/9,5/9,1/3,3/2,29/48,185/216
C441,base:near-uninformative:K3,base,near-uninformative,K3N4:1-3@0111;2-3@1011;2-3@1111,3,10,5/9,17/30,17/50,2,299/432,809/972
C442,base:near-uninformative:K3,base,near-uninformative,K3N4:1-3@0111;2-3@1111;2-3@1111,3,11,5/9,19/33,41/121,5/2,29/36,1175/1458
C443,base:near-uninformative:K3,base,near-uninformative,K3N4:1-3@1111;1-3@1111;2-3@0001,3,9,4/9,10/27,11/27,2,35/54,191/324
C444,base:near-uninformative:K3,base,near-uninformative,K3N4:1-3@1111;1-3@1111;2-3@0011,3,10,4/9,2/5,9/25,13/6,109/162,11/18
C445,base:near-uninformative:K3,base,near-uninformative,K3N4:1-3@1111;1-3@1111;2-3@0111,3,11,4/9,14/33,41/121,5/2,20/27,446/729
C446,base:near-uninformative:K3,base,near-uninformative,K3N4:1-3@1111;1-3@1111;2-3@1111,3,12,4/9,4/9,1/3,3,23/27,427/729
C447,base:near-uninformative:K3,base,near-uninformative,K3N4:1-3@1111;2-3@0001;2-3@0001,3,6,5/9,4/9,1/2,1,7/9,55/81
C448,base:near-uninformative:K3,base,near-uninformative,K3N4:1-3@1111;2-3@0001;2-3@0010,3,6,5/9,4/9,1/2,1,101/144,19/27
C449,base:near-uninformative:K3,base,near-uninformative,K3N4:1-3@1111;2-3@0001;2-3@0011,3,7,5/9,10/21,3/7,7/6,49/72,20/27
C450,base:near-uninformative:K3,base,near-uninformative,K3N4:1-3@1111;2-3@0001;2-3@0110,3,7,5/9,10/21,3/7,7/6,5/8,7/9
C451,base:near-uninformative:K3,base,near-uninformative,K3N4:1-3@1111;2-3@0001;2-3@0111,3,8,5/9,1/2,13/32,3/2,23/36,125/162
C452,base:near-uninformative:K3,base,near-uninformative,K3N4:1-3@1111;2-3@0001;2-3@1110,3,8,5/9,1/2,13/32,3/2,29/48,13/16
C453,base:near-uninformative:K3,base,near-uninformative,K3N4:1-3@1111;2-3@0001;2-3@1111,3,9,5/9,14/27,11/27,2,47/72,1015/1296
C454,base:near-uninformative:K3,base,near-uninformative,K3N4:1-3@1111;2-3@0011;2-3@0011,3,8,5/9,1/2,3/8,4/3,37/54,173/243
C455,base:near-uninformative:K3,base,near-uninformative,K3N4:1-3@1111;2-3@0011;2-3@0101,3,8,5/9,1/2,3/8,4/3,89/144,65/81
C456,base:near-uninformative:K3,base,near-uninformative,K3N4:1-3@1111;2-3@0011;2-3@0111,3,9,5/9,14/27,29/81,5/3,71/108,62/81
C457,base:near-uninformative:K3,base,near-uninformative,K3N4:1-3@1111;2-3@0011;2-3@1100,3,8,5/9,1/2,3/8,4/3,7/12,359/432
C458,base:near-uninformative:K3,base,near-uninformative,K3N4:1-3@1111;2-3@0011;2-3@1101,3,9,5/9,14/27,29/81,5/3,11/18,1075/1296
C459,base:near-uninformative:K3,base,near-uninformative,K3N4:1-3@1111;2-3@0011;2-3@1111,3,10,5/9,8/15,9/25,13/6,37/54,509/648
C460,base:near-uninformative:K3,base,near-uninformative,K3N4:1-3@1111;2-3@0111;2-3@0111,3,10,5/9,8/15,17/50,2,13/18,535/729
C461,base:near-uninformative:K3,base,near-uninformative,K3N4:1-3@1111;2-3@0111;2-3@1011,3,10,5/9,8/15,17/50,2,287/432,1579/1944
C462,base:near-uninformative:K3,base,near-uninformative,K3N4:1-3@1111;2-3@0111;2-3@1111,3,11,5/9,6/11,41/121,5/2,55/72,2245/2916
C463,base:near-uninformative:K3,base,near-uninformative,K3N4:1-3@1111;2-3@1111;2-3@1111,3,12,5/9,5/9,1/3,3,8/9,353/486
C464,base:strong:K2,base,strong,K2N4:1-3@0001;5-6@1110,2,4,7/12,17/24,5/8,1/2,2/3,8/9
C465,base:strong:K2,base,strong,K2N4:1-3@0001;5-6@1111,2,5,7/12,11/15,17/25,1,5/6,31/36
C466,base:strong:K2,base,strong,K2N4:1-3@0011;5-6@1100,2,4,7/12,7/12,1/2,1/3,5/9,8/9
C467,base:strong:K2,base,strong,K2N4:1-3@0011;5-6@1101,2,5,7/12,19/30,13/25,2/3,11/18,8/9
C468,base:strong:K2,base,strong,K2N4:1-3@0011;5-6@1111,2,6,7/12,2/3,5/9,7/6,13/18,7/8
C469,base:strong:K2,base,strong,K2N4:1-3@0111;5-6@1000,2,4,7/12,11/24,5/8,1/2,2/3,8/9
C470,base:strong:K2,base,strong,K2N4:1-3@0111;5-6@1001,2,5,7/12,8/15,13/25,2/3,11/18,8/9
C471,base:strong:K2,base,strong,K2N4:1-3@0111;5-6@1011,2,6,7/12,7/12,1/2,1,11/18,8/9
C472,base:strong:K2,base,strong,K2N4:1-3@0111;5-6@1111,2,7,7/12,13/21,25/49,3/2,2/3,127/144
C473,base:strong:K2,base,strong,K2N4:1-3@1111;5-6@0001,2,5,7/12,13/30,17/25,1,5/6,11/18
C474,base:strong:K2,base,strong,K2N4:1-3@1111;5-6@0011,2,6,7/12,1/2,5/9,7/6,13/18,3/4
C475,base:strong:K2,base,strong,K2N4:1-3@1111;5-6@0111,2,7,7/12,23/42,25/49,3/2,2/3,59/72
C476,base:strong:K2,base,strong,K2N4:1-3@1111;5-6@1111,2,8,7/12,7/12,1/2,2,2/3,245/288
C477,base:strong:K3,base,strong,K3N4:1-3@0001;1-3@0001;5-6@1110,3,5,1/2,19/30,11/25,1/2,2/3,8/9
C478,base:strong:K3,base,strong,K3N4:1-3@0001;1-3@0001;5-6@1111,3,6,1/2,2/3,1/2,1,22/27,70/81
C479,base:strong:K3,base,strong,K3N4:1-3@0001;1-3@0010;5-6@1100,3,4,1/2,7/12,3/8,1/6,4/9,25/27
C480,base:strong:K3,base,strong,K3N4:1-3@0001;1-3@0010;5-6@1101,3,5,1/2,19/30,11/25,1/2,5/9,49/54
C481,base:strong:K3,base,strong,K3N4:1-3@0001;1-3@0010;5-6@1111,3,6,1/2,2/3,1/2,1,25/36,191/216
C482,base:strong:K3,base,strong,K3N4:1-3@0001;1-3@0011;5-6@1100,3,5,1/2,8/15,9/25,1/3,1/2,49/54
C483,base:strong:K3,base,strong,K3N4:1-3@0001;1-3@0011;5-6@1101,3,6,1/2,7/12,7/18,2/3,16/27,145/162
C484,base:strong:K3,base,strong,K3N4:1-3@0001;1-3@0011;5-6@1110,3,6,1/2,7/12,7/18,2/3,7/12,97/108
C485,base:strong:K3,base,strong,K3N4:1-3@0001;1-3@0011;5-6@1111,3,7,1/2,13/21,3/7,7/6,19/27,95/108
C486,base:strong:K3,base,strong,K3N4:1-3@0001;1-3@0110;5-6@1000,3,4,1/2,11/24,3/8,1/6,4/9,25/27
C487,base:strong:K3,base,strong,K3N4:1-3@0001;1-3@0110;5-6@1001,3,5,1/2,8/15,9/25,1/3,1/2,49/54
C488,base:strong:K3,base,strong,K3N4:1-3@0001;1-3@0110;5-6@1010,3,5,1/2,8/15,9/25,1/3,4/9,25/27
C489,base:strong:K3,base,strong,K3N4:1-3@0001;1-3@0110;5-6@1011,3,6,1/2,7/12,7/18,2/3,19/36,49/54
C490,base:strong:K3,base,strong,K3N4:1-3@0001;1-3@0110;5-6@1110,3,6,1/2,7/12,7/18,2/3,1/2,11/12
C491,base:strong:K3,base,strong,K3N4:1-3@0001;1-3@0110;5-6@1111,3,7,1/2,13/21,3/7,7/6,11/18,43/48
C492,base:strong:K3,base,strong,K3N4:1-3@0001;1-3@0111;5-6@1000,3,5,1/2,13/30,11/25,1/2,5/9,49/54
C493,base:strong:K3,base,strong,K3N4:1-3@0001;1-3@0111;5-6@1001,3,6,1/2,1/2,7/18,2/3,16/27,145/162
C494,base:strong:K3,base,strong,K3N4:1-3@0001;1-3@0111;5-6@1010,3,6,1/2,1/2,7/18,2/3,19/36,49/54
C495,base:strong:K3,base,strong,K3N4:1-3@0001;1-3@0111;5-6@1011,3,7,1/2,23/42,19/49,1,16/27,145/162
C496,base:strong:K3,base,strong,K3N4:1-3@0001;1-3@0111;5-6@1110,3,7,1/2,23/42,19/49,1,5/9,65/72
C497,base:strong:K3,base,strong,K3N4:1-3@0001;1-3@0111;5-6@1111,3,8,1/2,7/12,13/32,3/2,35/54,575/648
C498,base:strong:K3,base,strong,K3N4:1-3@0001;1-3@1110;5-6@0001,3,5,1/2,13/30,11/25,1/2,2/3,13/18
C499,base:strong:K3,base,strong,K3N4:1-3@0001;1-3@1110;5-6@0010,3,5,1/2,13/30,11/25,1/2,5/9,20/27
C500,base:strong:K3,base,strong,K3N4:1-3@0001;1-3@1110;5-6@0011,3,6,1/2,1/2,7/18,2/3,7/12,22/27
C501,base:strong:K3,base,strong,K3N4:1-3@0001;1-3@1110;5-6@0110,3,6,1/2,1/2,7/18,2/3,1/2,5/6
C502,base:strong:K3,base,strong,K3N4:1-3@0001;1-3@1110;5-6@0111,3,7,1/2,23/42,19/49,1,5/9,31/36
C503,base:strong:K3,base,strong,K3N4:1-3@0001;1-3@1110;5-6@1110,3,7,1/2,23/42,19/49,1,1/2,7/8
C504,base:strong:K3,base,strong,K3N4:1-3@0001;1-3@1110;5-6@1111,3,8,1/2,7/12,13/32,3/2,7/12,253/288
C505,base:strong:K3,base,strong,K3N4:1-3@0001;1-3@1111;5-6@0001,3,6,1/2,5/12,1/2,1,22/27,95/162
C506,base:strong:K3,base,strong,K3N4:1-3@0001;1-3@1111;5-6@0010,3,6,1/2,5/12,1/2,1,25/36,73/108
C507,base:strong:K3,base,strong,K3N4:1-3@0001;1-3@1111;5-6@0011,3,7,1/2,10/21,3/7,7/6,19/27,20/27
C508,base:strong:K3,base,strong,K3N4:1-3@0001;1-3@1111;5-6@0110,3,7,1/2,10/21,3/7,7/6,11/18,19/24
C509,base:strong:K3,base,strong,K3N4:1-3@0001;1-3@1111;5-6@0111,3,8,1/2,25/48,13/32,3/2,35/54,265/324
C510,base:strong:K3,base,strong,K3N4:1-3@0001;1-3@1111;5-6@1110,3,8,1/2,25/48,13/32,3/2,7/12,61/72
C511,base:strong:K3,base,strong,K3N4:1-3@0001;1-3@1111;5-6@1111,3,9,1/2,5/9,11/27,2,35/54,1105/1296
C512,base:strong:K3,base,strong,K3N4:1-3@0001;5-6@0001;5-6@1110,3,5,2/3,11/15,11/25,1/2,73/96,67/72
C513,base:strong:K3,base,strong,K3N4:1-3@0001;5-6@0001;5-6@1111,3,6,2/3,3/4,1/2,1,397/432,581/648
C514,base:strong:K3,base,strong,K3N4:1-3@0001;5-6@0010;5-6@1100,3,4,2/3,17/24,3/8,1/6,41/72,53/54
C515,base:strong:K3,base,strong,K3N4:1-3@0001;5-6@0010;5-6@1101,3,5,2/3,11/15,11/25,1/2,205/288,211/216
C516,base:strong:K3,base,strong,K3N4:1-3@0001;5-6@0010;5-6@1110,3,5,2/3,11/15,11/25,1/2,89/144,101/108
C517,base:strong:K3,base,strong,K3N4:1-3@0001;5-6@0010;5-6@1111,3,6,2/3,3/4,1/2,1,445/576,397/432
C518,base:strong:K3,base,strong,K3N4:1-3@0001;5-6@0011;5-6@1100,3,5,2/3,11/15,9/25,1/3,11/16,211/216
C519,base:strong:K3,base,strong,K3N4:1-3@0001;5-6@0011;5-6@1101,3,6,2/3,3/4,7/18,2/3,355/432,631/648
C520,base:strong:K3,base,strong,K3N4:1-3@0001;5-6@0011;5-6@1110,3,6,2/3,3/4,7/18,2/3,139/192,103/108
C521,base:strong:K3,base,strong,K3N4:1-3@0001;5-6@0011;5-6@1111,3,7,2/3,16/21,3/7,7/6,47/54,101/108
C522,base:strong:K3,base,strong,K3N4:1-3@0001;5-6@0110;5-6@1010,3,5,2/3,11/15,9/25,1/3,41/72,53/54
C523,base:strong:K3,base,strong,K3N4:1-3@0001;5-6@0110;5-6@1011,3,6,2/3,3/4,7/18,2/3,403/576,211/216
C524,base:strong:K3,base,strong,K3N4:1-3@0001;5-6@0110;5-6@1110,3,6,2/3,3/4,7/18,2/3,19/32,23/24
C525,base:strong:K3,base,strong,K3N4:1-3@0001;5-6@0110;5-6@1111,3,7,2/3,16/21,3/7,7/6,53/72,91/96
C526,base:strong:K3,base,strong,K3N4:1-3@0001;5-6@0111;5-6@1011,3,7,2/3,16/21,19/49,1,355/432,631/648
C527,base:strong:K3,base,strong,K3N4:1-3@0001;5-6@0111;5-6@1110,3,7,2/3,16/21,19/49,1,205/288,139/144
C528,base:strong:K3,base,strong,K3N4:1-3@0001;5-6@0111;5-6@1111,3,8,2/3,37/48,13/32,3/2,731/864,1237/1296
C529,base:strong:K3,base,strong,K3N4:1-3@0001;5-6@1110;5-6@1110,3,7,2/3,16/21,19/49,1,19/32,23/24
C530,base:strong:K3,base,strong,K3N4:1-3@0001;5-6@1110;5-6@1111,3,8,2/3,37/48,13/32,3/2,139/192,551/576
C531,base:strong:K3,base,strong,K3N4:1-3@0001;5-6@1111;5-6@1111,3,9,2/3,7/9,11/27,2,731/864,1237/1296
C532,base:strong:K3,base,strong,K3N4:1-3@0011;1-3@0011;5-6@1100,3,6,1/2,1/2,1/3,1/2,1/2,49/54
C533,base:strong:K3,base,strong,K3N4:1-3@0011;1-3@0011;5-6@1101,3,7,1/2,23/42,17/49,5/6,16/27,145/162
C534,base:strong:K3,base,strong,K3N4:1-3@0011;1-3@0011;5-6@1111,3,8,1/2,7/12,3/8,4/3,59/81,212/243
C535,base:strong:K3,base,strong,K3N4:1-3@0011;1-3@0101;5-6@1000,3,5,1/2,13/30,9/25,1/3,4/9,25/27
C536,base:strong:K3,base,strong,K3N4:1-3@0011;1-3@0101;5-6@1001,3,6,1/2,1/2,1/3,1/2,13/27,25/27
C537,base:strong:K3,base,strong,K3N4:1-3@0011;1-3@0101;5-6@1010,3,6,1/2,1/2,1/3,1/2,17/36,11/12
C538,base:strong:K3,base,strong,K3N4:1-3@0011;1-3@0101;5-6@1011,3,7,1/2,23/42,17/49,5/6,29/54,295/324
C539,base:strong:K3,base,strong,K3N4:1-3@0011;1-3@0101;5-6@1110,3,7,1/2,23/42,17/49,5/6,19/36,49/54
C540,base:strong:K3,base,strong,K3N4:1-3@0011;1-3@0101;5-6@1111,3,8,1/2,7/12,3/8,4/3,67/108,145/162
C541,base:strong:K3,base,strong,K3N4:1-3@0011;1-3@0111;5-6@1000,3,6,1/2,5/12,7/18,2/3,1/2,11/12
C542,base:strong:K3,base,strong,K3N4:1-3@0011;1-3@0111;5-6@1001,3,7,1/2,10/21,17/49,5/6,29/54,295/324
C543,base:strong:K3,base,strong,K3N4:1-3@0011;1-3@0111;5-6@1011,3,8,1/2,25/48,11/32,7/6,50/81,437/486
C544,base:strong:K3,base,strong,K3N4:1-3@0011;1-3@0111;5-6@1100,3,7,1/2,10/21,17/49,5/6,1/2,197/216
C545,base:strong:K3,base,strong,K3N4:1-3@0011;1-3@0111;5-6@1101,3,8,1/2,25/48,11/32,7/6,61/108,65/72
C546,base:strong:K3,base,strong,K3N4:1-3@0011;1-3@0111;5-6@1111,3,9,1/2,5/9,29/81,5/3,109/162,287/324
C547,base:strong:K3,base,strong,K3N4:1-3@0011;1-3@1100;5-6@0001,3,5,1/2,13/30,9/25,1/3,1/2,20/27
C548,base:strong:K3,base,strong,K3N4:1-3@0011;1-3@1100;5-6@0011,3,6,1/2,1/2,1/3,1/2,1/2,89/108
C549,base:strong:K3,base,strong,K3N4:1-3@0011;1-3@1100;5-6@0101,3,6,1/2,1/2,1/3,1/2,17/36,5/6
C550,base:strong:K3,base,strong,K3N4:1-3@0011;1-3@1100;5-6@0111,3,7,1/2,23/42,17/49,5/6,1/2,47/54
C551,base:strong:K3,base,strong,K3N4:1-3@0011;1-3@1100;5-6@1111,3,8,1/2,7/12,3/8,4/3,5/9,763/864
C552,base:strong:K3,base,strong,K3N4:1-3@0011;1-3@1101;5-6@0001,3,6,1/2,5/12,7/18,2/3,16/27,50/81
C553,base:strong:K3,base,strong,K3N4:1-3@0011;1-3@1101;5-6@0010,3,6,1/2,5/12,7/18,2/3,7/12,79/108
C554,base:strong:K3,base,strong,K3N4:1-3@0011;1-3@1101;5-6@0011,3,7,1/2,10/21,17/49,5/6,16/27,245/324
C555,base:strong:K3,base,strong,K3N4:1-3@0011;1-3@1101;5-6@0100,3,6,1/2,5/12,7/18,2/3,19/36,20/27
C556,base:strong:K3,base,strong,K3N4:1-3@0011;1-3@1101;5-6@0101,3,7,1/2,10/21,17/49,5/6,29/54,125/162
C557,base:strong:K3,base,strong,K3N4:1-3@0011;1-3@1101;5-6@0110,3,7,1/2,10/21,17/49,5/6,19/36,89/108
C558,base:strong:K3,base,strong,K3N4:1-3@0011;1-3@1101;5-6@0111,3,8,1/2,25/48,11/32,7/6,61/108,5/6
C559,base:strong:K3,base,strong,K3N4:1-3@0011;1-3@1101;5-6@1100,3,7,1/2,10/21,17/49,5/6,1/2,179/216
C560,base:strong:K3,base,strong,K3N4:1-3@0011;1-3@1101;5-6@1101,3,8,1/2,25/48,11/32,7/6,29/54,545/648
C561,base:strong:K3,base,strong,K3N4:1-3@0011;1-3@1101;5-6@1110,3,8,1/2,25/48,11/32,7/6,19/36,187/216
C562,base:strong:K3,base,strong,K3N4:1-3@0011;1-3@1101;5-6@1111,3,9,1/2,5/9,29/81,5/3,16/27,70/81
C563,base:strong:K3,base,strong,K3N4:1-3@0011;1-3@1111;5-6@0001,3,7,1/2,17/42,3/7,7/6,19/27,65/108
C564,base:strong:K3,base,strong,K3N4:1-3@0011;1-3@1111;5-6@0011,3,8,1/2,11/24,3/8,4/3,59/81,307/486
C565,base:strong:K3,base,strong,K3N4:1-3@0011;1-3@1111;5-6@0100,3,7,1/2,17/42,3/7,7/6,11/18,17/24
C566,base:strong:K3,base,strong,K3N4:1-3@0011;1-3@1111;5-6@0101,3,8,1/2,11/24,3/8,4/3,67/108,245/324
C567,base:strong:K3,base,strong,K3N4:1-3@0011;1-3@1111;5-6@0111,3,9,1/2,1/2,29/81,5/3,109/162,62/81
C568,base:strong:K3,base,strong,K3N4:1-3@0011;1-3@1111;5-6@1100,3,8,1/2,11/24,3/8,4/3,5/9,175/216
C569,base:strong:K3,base,strong,K3N4:1-3@0011;1-3@1111;5-6@1101,3,9,1/2,1/2,29/81,5/3,16/27,1075/1296
C570,base:strong:K3,base,strong,K3N4:1-3@0011;1-3@1111;5-6@1111,3,10,1/2,8/15,9/25,13/6,109/162,535/648
C571,base:strong:K3,base,strong,K3N4:1-3@0011;5-6@0001;5-6@1100,3,5,2/3,19/30,9/25,1/3,9/16,101/108
C572,base:strong:K3,base,strong,K3N4:1-3@0011;5-6@0001;5-6@1101,3,6,2/3,2/3,7/18,2/3,137/216,293/324
C573,base:strong:K3,base,strong,K3N4:1-3@0011;5-6@0001;5-6@1110,3,6,2/3,2/3,7/18,2/3,127/192,403/432
C574,base:strong:K3,base,strong,K3N4:1-3@0011;5-6@0001;5-6@1111,3,7,2/3,29/42,3/7,7/6,671/864,389/432
C575,base:strong:K3,base,strong,K3N4:1-3@0011;5-6@0011;5-6@1100,3,6,2/3,2/3,1/3,1/2,5/8,413/432
C576,base:strong:K3,base,strong,K3N4:1-3@0011;5-6@0011;5-6@1101,3,7,2/3,29/42,17/49,5/6,629/864,1217/1296
C577,base:strong:K3,base,strong,K3N4:1-3@0011;5-6@0011;5-6@1111,3,8,2/3,17/24,3/8,4/3,571/648,1765/1944
C578,base:strong:K3,base,strong,K3N4:1-3@0011;5-6@0100;5-6@1000,3,4,2/3,7/12,3/8,1/6,73/144,53/54
C579,base:strong:K3,base,strong,K3N4:1-3@0011;5-6@0100;5-6@1001,3,5,2/3,19/30,9/25,1/3,155/288,53/54
C580,base:strong:K3,base,strong,K3N4:1-3@0011;5-6@0100;5-6@1011,3,6,2/3,2/3,7/18,2/3,5/8,47/48
C581,base:strong:K3,base,strong,K3N4:1-3@0011;5-6@0100;5-6@1100,3,5,2/3,19/30,9/25,1/3,17/32,101/108
C582,base:strong:K3,base,strong,K3N4:1-3@0011;5-6@0100;5-6@1101,3,6,2/3,2/3,7/18,2/3,331/576,101/108
C583,base:strong:K3,base,strong,K3N4:1-3@0011;5-6@0100;5-6@1111,3,7,2/3,29/42,3/7,7/6,97/144,89/96
C584,base:strong:K3,base,strong,K3N4:1-3@0011;5-6@0101;5-6@1001,3,6,2/3,2/3,1/3,1/2,253/432,53/54
C585,base:strong:K3,base,strong,K3N4:1-3@0011;5-6@0101;5-6@1010,3,6,2/3,2/3,1/3,1/2,353/576,47/48
C586,base:strong:K3,base,strong,K3N4:1-3@0011;5-6@0101;5-6@1011,3,7,2/3,29/42,17/49,5/6,19/27,1267/1296
C587,base:strong:K3,base,strong,K3N4:1-3@0011;5-6@0101;5-6@1100,3,6,2/3,2/3,1/3,1/2,317/576,23/24
C588,base:strong:K3,base,strong,K3N4:1-3@0011;5-6@0101;5-6@1101,3,7,2/3,29/42,17/49,5/6,527/864,611/648
C589,base:strong:K3,base,strong,K3N4:1-3@0011;5-6@0101;5-6@1110,3,7,2/3,29/42,17/49,5/6,367/576,413/432
C590,base:strong:K3,base,strong,K3N4:1-3@0011;5-6@0101;5-6@1111,3,8,2/3,17/24,3/8,4/3,1279/1728,1217/1296
C591,base:strong:K3,base,strong,K3N4:1-3@0011;5-6@0111;5-6@1011,3,8,2/3,17/24,11/32,7/6,1079/1296,1895/1944
C592,base:strong:K3,base,strong,K3N4:1-3@0011;5-6@0111;5-6@1100,3,7,2/3,29/42,17/49,5/6,5/8,209/216
C593,base:strong:K3,base,strong,K3N4:1-3@0011;5-6@0111;5-6@1101,3,8,2/3,17/24,11/32,7/6,1237/1728,23/24
C594,base:strong:K3,base,strong,K3N4:1-3@0011;5-6@0111;5-6@1111,3,9,2/3,13/18,29/81,5/3,2221/2592,305/324
C595,base:strong:K3,base,strong,K3N4:1-3@0011;5-6@1100;5-6@1100,3,6,2/3,2/3,1/3,1/2,17/32,101/108
C596,base:strong:K3,base,strong,K3N4:1-3@0011;5-6@1100;5-6@1101,3,7,2/3,29/42,17/49,5/6,9/16,409/432
C597,base:strong:K3,base,strong,K3N4:1-3@0011;5-6@1100;5-6@1111,3,8,2/3,17/24,3/8,4/3,187/288,1637/1728
C598,base:strong:K3,base,strong,K3N4:1-3@0011;5-6@1101;5-6@1101,3,8,2/3,17/24,11/32,7/6,527/864,611/648
C599,base:strong:K3,base,strong,K3N4:1-3@0011;5-6@1101;5-6@1110,3,8,2/3,17/24,11/32,7/6,367/576,413/432
C600,base:strong:K3,base,strong,K3N4:1-3@0011;5-6@1101;5-6@1111,3,9,2/3,13/18,29/81,5/3,629/864,2459/2592
C601,base:strong:K3,base,strong,K3N4:1-3@0011;5-6@1111;5-6@1111,3,10,2/3,11/15,9/25,13/6,2221/2592,305/324
C602,base:strong:K3,base,strong,K3N4:1-3@0111;1-3@0111;5-6@1000,3,7,1/2,17/42,19/49,1,1/2,11/12
C603,base:strong:K3,base,strong,K3N4:1-3@0111;1-3@0111;5-6@1001,3,8,1/2,11/24,11/32,7/6,29/54,295/324
C604,base:strong:K3,base,strong,K3N4:1-3@0111;1-3@0111;5-6@1011,3,9,1/2,1/2,1/3,3/2,50/81,437/486
C605,base:strong:K3,base,strong,K3N4:1-3@0111;1-3@0111;5-6@1111,3,10,1/2,8/15,17/50,2,20/27,640/729
C606,base:strong:K3,base,strong,K3N4:1-3@0111;1-3@1011;5-6@0001,3,7,1/2,17/42,19/49,1,16/27,50/81
C607,base:strong:K3,base,strong,K3N4:1-3@0111;1-3@1011;5-6@0011,3,8,1/2,11/24,11/32,7/6,50/81,160/243
C608,base:strong:K3,base,strong,K3N4:1-3@0111;1-3@1011;5-6@0100,3,7,1/2,17/42,19/49,1,5/9,53/72
C609,base:strong:K3,base,strong,K3N4:1-3@0111;1-3@1011;5-6@0101,3,8,1/2,11/24,11/32,7/6,61/108,55/72
C610,base:strong:K3,base,strong,K3N4:1-3@0111;1-3@1011;5-6@0111,3,9,1/2,1/2,1/3,3/2,50/81,757/972
C611,base:strong:K3,base,strong,K3N4:1-3@0111;1-3@1011;5-6@1100,3,8,1/2,11/24,11/32,7/6,19/36,89/108
C612,base:strong:K3,base,strong,K3N4:1-3@0111;1-3@1011;5-6@1101,3,9,1/2,1/2,1/3,3/2,61/108,5/6
C613,base:strong:K3,base,strong,K3N4:1-3@0111;1-3@1011;5-6@1111,3,10,1/2,8/15,17/50,2,209/324,809/972
C614,base:strong:K3,base,strong,K3N4:1-3@0111;1-3@1111;5-6@0001,3,8,1/2,19/48,13/32,3/2,35/54,395/648
C615,base:strong:K3,base,strong,K3N4:1-3@0111;1-3@1111;5-6@0011,3,9,1/2,4/9,29/81,5/3,109/162,209/324
C616,base:strong:K3,base,strong,K3N4:1-3@0111;1-3@1111;5-6@0111,3,10,1/2,29/60,17/50,2,20/27,965/1458
C617,base:strong:K3,base,strong,K3N4:1-3@0111;1-3@1111;5-6@1000,3,8,1/2,19/48,13/32,3/2,7/12,13/18
C618,base:strong:K3,base,strong,K3N4:1-3@0111;1-3@1111;5-6@1001,3,9,1/2,4/9,29/81,5/3,16/27,985/1296
C619,base:strong:K3,base,strong,K3N4:1-3@0111;1-3@1111;5-6@1011,3,10,1/2,29/60,17/50,2,209/324,1501/1944
C620,base:strong:K3,base,strong,K3N4:1-3@0111;1-3@1111;5-6@1111,3,11,1/2,17/33,41/121,5/2,20/27,2245/2916
C621,base:strong:K3,base,strong,K3N4:1-3@0111;5-6@0001;5-6@1000,3,5,2/3,8/15,11/25,1/2,169/288,101/108
C622,base:strong:K3,base,strong,K3N4:1-3@0111;5-6@0001;5-6@1001,3,6,2/3,7/12,7/18,2/3,247/432,293/324
C623,base:strong:K3,base,strong,K3N4:1-3@0111;5-6@0001;5-6@1010,3,6,2/3,7/12,7/18,2/3,331/576,101/108
C624,base:strong:K3,base,strong,K3N4:1-3@0111;5-6@0001;5-6@1011,3,7,2/3,13/21,19/49,1,521/864,293/324
C625,base:strong:K3,base,strong,K3N4:1-3@0111;5-6@0001;5-6@1110,3,7,2/3,13/21,19/49,1,89/144,269/288
C626,base:strong:K3,base,strong,K3N4:1-3@0111;5-6@0001;5-6@1111,3,8,2/3,31/48,13/32,3/2,149/216,2339/2592
C627,base:strong:K3,base,strong,K3N4:1-3@0111;5-6@0011;5-6@1000,3,6,2/3,7/12,7/18,2/3,9/16,23/24
C628,base:strong:K3,base,strong,K3N4:1-3@0111;5-6@0011;5-6@1001,3,7,2/3,13/21,17/49,5/6,125/216,611/648
C629,base:strong:K3,base,strong,K3N4:1-3@0111;5-6@0011;5-6@1011,3,8,2/3,31/48,11/32,7/6,209/324,889/972
C630,base:strong:K3,base,strong,K3N4:1-3@0111;5-6@0011;5-6@1100,3,7,2/3,13/21,17/49,5/6,19/32,827/864
C631,base:strong:K3,base,strong,K3N4:1-3@0111;5-6@0011;5-6@1101,3,8,2/3,31/48,11/32,7/6,1129/1728,271/288
C632,base:strong:K3,base,strong,K3N4:1-3@0111;5-6@0011;5-6@1111,3,9,2/3,2/3,29/81,5/3,989/1296,1181/1296
C633,base:strong:K3,base,strong,K3N4:1-3@0111;5-6@0111;5-6@1000,3,7,2/3,13/21,19/49,1,19/32,31/32
C634,base:strong:K3,base,strong,K3N4:1-3@0111;5-6@0111;5-6@1001,3,8,2/3,31/48,11/32,7/6,277/432,2489/2592
C635,base:strong:K3,base,strong,K3N4:1-3@0111;5-6@0111;5-6@1011,3,9,2/3,2/3,1/3,3/2,1915/2592,3673/3888
C636,base:strong:K3,base,strong,K3N4:1-3@0111;5-6@0111;5-6@1111,3,10,2/3,41/60,17/50,2,383/432,5339/5832
C637,base:strong:K3,base,strong,K3N4:1-3@0111;5-6@1000;5-6@1000,3,5,2/3,8/15,11/25,1/2,2/3,8/9
C638,base:strong:K3,base,strong,K3N4:1-3@0111;5-6@1000;5-6@1001,3,6,2/3,7/12,7/18,2/3,115/192,197/216
C639,base:strong:K3,base,strong,K3N4:1-3@0111;5-6@1000;5-6@1011,3,7,2/3,13/21,19/49,1,169/288,133/144
C640,base:strong:K3,base,strong,K3N4:1-3@0111;5-6@1000;5-6@1111,3,8,2/3,31/48,13/32,3/2,121/192,533/576
C641,base:strong:K3,base,strong,K3N4:1-3@0111;5-6@1001;5-6@1001,3,7,2/3,13/21,17/49,5/6,247/432,293/324
C642,base:strong:K3,base,strong,K3N4:1-3@0111;5-6@1001;5-6@1010,3,7,2/3,13/21,17/49,5/6,331/576,101/108
C643,base:strong:K3,base,strong,K3N4:1-3@0111;5-6@1001;5-6@1011,3,8,2/3,31/48,11/32,7/6,1021/1728,133/144
C644,base:strong:K3,base,strong,K3N4:1-3@0111;5-6@1001;5-6@1110,3,8,2/3,31/48,11/32,7/6,349/576,817/864
C645,base:strong:K3,base,strong,K3N4:1-3@0111;5-6@1001;5-6@1111,3,9,2/3,2/3,29/81,5/3,575/864,1207/1296
C646,base:strong:K3,base,strong,K3N4:1-3@0111;5-6@1011;5-6@1011,3,9,2/3,2/3,1/3,3/2,209/324,889/972
C647,base:strong:K3,base,strong,K3N4:1-3@0111;5-6@1011;5-6@1101,3,9,2/3,2/3,1/3,3/2,1129/1728,271/288
C648,base:strong:K3,base,strong,K3N4:1-3@0111;5-6@1011;5-6@1111,3,10,2/3,41/60,17/50,2,3893/5184,451/486
C649,base:strong:K3,base,strong,K3N4:1-3@0111;5-6@1111;5-6@1111,3,11,2/3,23/33,41/121,5/2,383/432,5339/5832
C650,base:strong:K3,base,strong,K3N4:1-3@1111;1-3@1111;5-6@0001,3,9,1/2,7/18,11/27,2,35/54,395/648
C651,base:strong:K3,base,strong,K3N4:1-3@1111;1-3@1111;5-6@0011,3,10,1/2,13/30,9/25,13/6,109/162,209/324
C652,base:strong:K3,base,strong,K3N4:1-3@1111;1-3@1111;5-6@0111,3,11,1/2,31/66,41/121,5/2,20/27,965/1458
C653,base:strong:K3,base,strong,K3N4:1-3@1111;1-3@1111;5-6@1111,3,12,1/2,1/2,1/3,3,23/27,481/729
C654,base:strong:K3,base,strong,K3N4:1-3@1111;5-6@0001;5-6@0001,3,6,2/3,1/2,1/2,1,79/108,67/81
C655,base:strong:K3,base,strong,K3N4:1-3@1111;5-6@0001;5-6@0010,3,6,2/3,1/2,1/2,1,409/576,167/216
C656,base:strong:K3,base,strong,K3N4:1-3@1111;5-6@0001;5-6@0011,3,7,2/3,23/42,3/7,7/6,563/864,187/216
C657,base:strong:K3,base,strong,K3N4:1-3@1111;5-6@0001;5-6@0110,3,7,2/3,23/42,3/7,7/6,185/288,41/48
C658,base:strong:K3,base,strong,K3N4:1-3@1111;5-6@0001;5-6@0111,3,8,2/3,7/12,13/32,3/2,271/432,1147/1296
C659,base:strong:K3,base,strong,K3N4:1-3@1111;5-6@0001;5-6@1110,3,8,2/3,7/12,13/32,3/2,121/192,515/576
C660,base:strong:K3,base,strong,K3N4:1-3@1111;5-6@0001;5-6@1111,3,9,2/3,11/18,11/27,2,569/864,4633/5184
C661,base:strong:K3,base,strong,K3N4:1-3@1111;5-6@0011;5-6@0011,3,8,2/3,7/12,3/8,4/3,409/648,206/243
C662,base:strong:K3,base,strong,K3N4:1-3@1111;5-6@0011;5-6@0101,3,8,2/3,7/12,3/8,4/3,1063/1728,293/324
C663,base:strong:K3,base,strong,K3N4:1-3@1111;5-6@0011;5-6@0111,3,9,2/3,11/18,29/81,5/3,827/1296,571/648
C664,base:strong:K3,base,strong,K3N4:1-3@1111;5-6@0011;5-6@1100,3,8,2/3,7/12,3/8,4/3,89/144,1565/1728
C665,base:strong:K3,base,strong,K3N4:1-3@1111;5-6@0011;5-6@1101,3,9,2/3,11/18,29/81,5/3,137/216,4783/5184
C666,base:strong:K3,base,strong,K3N4:1-3@1111;5-6@0011;5-6@1111,3,10,2/3,19/30,9/25,13/6,227/324,2323/2592
C667,base:strong:K3,base,strong,K3N4:1-3@1111;5-6@0111;5-6@0111,3,10,2/3,19/30,17/50,2,151/216,628/729
C668,base:strong:K3,base,strong,K3N4:1-3@1111;5-6@0111;5-6@1011,3,10,2/3,19/30,17/50,2,3569/5184,7099/7776
C669,base:strong:K3,base,strong,K3N4:1-3@1111;5-6@0111;5-6@1111,3,11,2/3,43/66,41/121,5/2,685/864,10363/11664
C670,base:strong:K3,base,strong,K3N4:1-3@1111;5-6@1111;5-6@1111,3,12,2/3,2/3,1/3,3,101/108,5045/5832
C671,expansion:three-level:K3,controlled-expansion,three-level,K3N4:1-3@0001;2-3@0001;5-6@1110,3,5,11/18,7/10,11/25,1/2,35/48,11/12
C672,expansion:three-level:K3,controlled-expansion,three-level,K3N4:1-3@0001;2-3@0001;5-6@1111,3,6,11/18,13/18,1/2,1,191/216,287/324
C673,expansion:three-level:K3,controlled-expansion,three-level,K3N4:1-3@0001;2-3@0010;5-6@1100,3,4,11/18,2/3,3/8,1/6,19/36,26/27
C674,expansion:three-level:K3,controlled-expansion,three-level,K3N4:1-3@0001;2-3@0010;5-6@1101,3,5,11/18,7/10,11/25,1/2,95/144,103/108
C675,expansion:three-level:K3,controlled-expansion,three-level,K3N4:1-3@0001;2-3@0010;5-6@1110,3,5,11/18,7/10,11/25,1/2,43/72,25/27
C676,expansion:three-level:K3,controlled-expansion,three-level,K3N4:1-3@0001;2-3@0010;5-6@1111,3,6,11/18,13/18,1/2,1,215/288,49/54
C677,expansion:three-level:K3,controlled-expansion,three-level,K3N4:1-3@0001;2-3@0011;5-6@1100,3,5,11/18,2/3,9/25,1/3,5/8,103/108
C678,expansion:three-level:K3,controlled-expansion,three-level,K3N4:1-3@0001;2-3@0011;5-6@1101,3,6,11/18,25/36,7/18,2/3,161/216,307/324
C679,expansion:three-level:K3,controlled-expansion,three-level,K3N4:1-3@0001;2-3@0011;5-6@1110,3,6,11/18,25/36,7/18,2/3,65/96,101/108
C680,expansion:three-level:K3,controlled-expansion,three-level,K3N4:1-3@0001;2-3@0011;5-6@1111,3,7,11/18,5/7,3/7,7/6,22/27,11/12
C681,expansion:three-level:K3,controlled-expansion,three-level,K3N4:1-3@0001;2-3@0110;5-6@1000,3,4,11/18,5/8,3/8,1/6,19/36,26/27
C682,expansion:three-level:K3,controlled-expansion,three-level,K3N4:1-3@0001;2-3@0110;5-6@1001,3,5,11/18,2/3,9/25,1/3,5/8,103/108
C683,expansion:three-level:K3,controlled-expansion,three-level,K3N4:1-3@0001;2-3@0110;5-6@1010,3,5,11/18,2/3,9/25,1/3,19/36,26/27
C684,expansion:three-level:K3,controlled-expansion,three-level,K3N4:1-3@0001;2-3@0110;5-6@1011,3,6,11/18,25/36,7/18,2/3,185/288,103/108
C685,expansion:three-level:K3,controlled-expansion,three-level,K3N4:1-3@0001;2-3@0110;5-6@1110,3,6,11/18,25/36,7/18,2/3,9/16,17/18
C686,expansion:three-level:K3,controlled-expansion,three-level,K3N4:1-3@0001;2-3@0110;5-6@1111,3,7,11/18,5/7,3/7,7/6,25/36,67/72
C687,expansion:three-level:K3,controlled-expansion,three-level,K3N4:1-3@0001;2-3@0111;5-6@1000,3,5,11/18,19/30,11/25,1/2,95/144,103/108
C688,expansion:three-level:K3,controlled-expansion,three-level,K3N4:1-3@0001;2-3@0111;5-6@1001,3,6,11/18,2/3,7/18,2/3,161/216,307/324
C689,expansion:three-level:K3,controlled-expansion,three-level,K3N4:1-3@0001;2-3@0111;5-6@1010,3,6,11/18,2/3,7/18,2/3,185/288,103/108
C690,expansion:three-level:K3,controlled-expansion,three-level,K3N4:1-3@0001;2-3@0111;5-6@1011,3,7,11/18,29/42,19/49,1,161/216,307/324
C691,expansion:three-level:K3,controlled-expansion,three-level,K3N4:1-3@0001;2-3@0111;5-6@1110,3,7,11/18,29/42,19/49,1,95/144,17/18
C692,expansion:three-level:K3,controlled-expansion,three-level,K3N4:1-3@0001;2-3@0111;5-6@1111,3,8,11/18,17/24,13/32,3/2,337/432,151/162
C693,expansion:three-level:K3,controlled-expansion,three-level,K3N4:1-3@0001;2-3@1110;5-6@0001,3,5,11/18,19/30,11/25,1/2,35/48,31/36
C694,expansion:three-level:K3,controlled-expansion,three-level,K3N4:1-3@0001;2-3@1110;5-6@0010,3,5,11/18,19/30,11/25,1/2,43/72,47/54
C695,expansion:three-level:K3,controlled-expansion,three-level,K3N4:1-3@0001;2-3@1110;5-6@0011,3,6,11/18,2/3,7/18,2/3,65/96,49/54
C696,expansion:three-level:K3,controlled-expansion,three-level,K3N4:1-3@0001;2-3@1110;5-6@0110,3,6,11/18,2/3,7/18,2/3,9/16,11/12
C697,expansion:three-level:K3,controlled-expansion,three-level,K3N4:1-3@0001;2-3@1110;5-6@0111,3,7,11/18,29/42,19/49,1,95/144,67/72
C698,expansion:three-level:K3,controlled-expansion,three-level,K3N4:1-3@0001;2-3@1110;5-6@1110,3,7,11/18,29/42,19/49,1,9/16,67/72
C699,expansion:three-level:K3,controlled-expansion,three-level,K3N4:1-3@0001;2-3@1110;5-6@1111,3,8,11/18,17/24,13/32,3/2,65/96,67/72
C700,expansion:three-level:K3,controlled-expansion,three-level,K3N4:1-3@0001;2-3@1111;5-6@0001,3,6,11/18,23/36,1/2,1,191/216,257/324
C701,expansion:three-level:K3,controlled-expansion,three-level,K3N4:1-3@0001;2-3@1111;5-6@0010,3,6,11/18,23/36,1/2,1,215/288,181/216
C702,expansion:three-level:K3,controlled-expansion,three-level,K3N4:1-3@0001;2-3@1111;5-6@0011,3,7,11/18,2/3,3/7,7/6,22/27,47/54
C703,expansion:three-level:K3,controlled-expansion,three-level,K3N4:1-3@0001;2-3@1111;5-6@0110,3,7,11/18,2/3,3/7,7/6,25/36,43/48
C704,expansion:three-level:K3,controlled-expansion,three-level,K3N4:1-3@0001;2-3@1111;5-6@0111,3,8,11/18,11/16,13/32,3/2,337/432,589/648
C705,expansion:three-level:K3,controlled-expansion,three-level,K3N4:1-3@0001;2-3@1111;5-6@1110,3,8,11/18,11/16,13/32,3/2,65/96,265/288
C706,expansion:three-level:K3,controlled-expansion,three-level,K3N4:1-3@0001;2-3@1111;5-6@1111,3,9,11/18,19/27,11/27,2,337/432,1193/1296
C707,expansion:three-level:K3,controlled-expansion,three-level,K3N4:1-3@0011;2-3@0001;5-6@1100,3,5,11/18,3/5,9/25,1/3,13/24,25/27
C708,expansion:three-level:K3,controlled-expansion,three-level,K3N4:1-3@0011;2-3@0001;5-6@1101,3,6,11/18,23/36,7/18,2/3,67/108,73/81
C709,expansion:three-level:K3,controlled-expansion,three-level,K3N4:1-3@0011;2-3@0001;5-6@1110,3,6,11/18,23/36,7/18,2/3,61/96,199/216
C710,expansion:three-level:K3,controlled-expansion,three-level,K3N4:1-3@0011;2-3@0001;5-6@1111,3,7,11/18,2/3,3/7,7/6,325/432,193/216
C711,expansion:three-level:K3,controlled-expansion,three-level,K3N4:1-3@0011;2-3@0011;5-6@1100,3,6,11/18,11/18,1/3,1/2,7/12,203/216
C712,expansion:three-level:K3,controlled-expansion,three-level,K3N4:1-3@0011;2-3@0011;5-6@1101,3,7,11/18,9/14,17/49,5/6,295/432,599/648
C713,expansion:three-level:K3,controlled-expansion,three-level,K3N4:1-3@0011;2-3@0011;5-6@1111,3,8,11/18,2/3,3/8,4/3,269/324,871/972
C714,expansion:three-level:K3,controlled-expansion,three-level,K3N4:1-3@0011;2-3@0100;5-6@1000,3,4,11/18,13/24,3/8,1/6,35/72,26/27
C715,expansion:three-level:K3,controlled-expansion,three-level,K3N4:1-3@0011;2-3@0100;5-6@1001,3,5,11/18,3/5,9/25,1/3,73/144,26/27
C716,expansion:three-level:K3,controlled-expansion,three-level,K3N4:1-3@0011;2-3@0100;5-6@1011,3,6,11/18,23/36,7/18,2/3,7/12,23/24
C717,expansion:three-level:K3,controlled-expansion,three-level,K3N4:1-3@0011;2-3@0100;5-6@1100,3,5,11/18,3/5,9/25,1/3,25/48,25/27
C718,expansion:three-level:K3,controlled-expansion,three-level,K3N4:1-3@0011;2-3@0100;5-6@1101,3,6,11/18,23/36,7/18,2/3,161/288,25/27
C719,expansion:three-level:K3,controlled-expansion,three-level,K3N4:1-3@0011;2-3@0100;5-6@1111,3,7,11/18,2/3,3/7,7/6,47/72,11/12
C720,expansion:three-level:K3,controlled-expansion,three-level,K3N4:1-3@0011;2-3@0101;5-6@1000,3,5,11/18,17/30,9/25,1/3,73/144,26/27
C721,expansion:three-level:K3,controlled-expansion,three-level,K3N4:1-3@0011;2-3@0101;5-6@1001,3,6,11/18,11/18,1/3,1/2,119/216,26/27
C722,expansion:three-level:K3,controlled-expansion,three-level,K3N4:1-3@0011;2-3@0101;5-6@1010,3,6,11/18,11/18,1/3,1/2,163/288,23/24
C723,expansion:three-level:K3,controlled-expansion,three-level,K3N4:1-3@0011;2-3@0101;5-6@1011,3,7,11/18,9/14,17/49,5/6,35/54,619/648
C724,expansion:three-level:K3,controlled-expansion,three-level,K3N4:1-3@0011;2-3@0101;5-6@1100,3,6,11/18,11/18,1/3,1/2,151/288,17/18
C725,expansion:three-level:K3,controlled-expansion,three-level,K3N4:1-3@0011;2-3@0101;5-6@1101,3,7,11/18,9/14,17/49,5/6,253/432,151/162
C726,expansion:three-level:K3,controlled-expansion,three-level,K3N4:1-3@0011;2-3@0101;5-6@1110,3,7,11/18,9/14,17/49,5/6,173/288,203/216
C727,expansion:three-level:K3,controlled-expansion,three-level,K3N4:1-3@0011;2-3@0101;5-6@1111,3,8,11/18,2/3,3/8,4/3,605/864,599/648
C728,expansion:three-level:K3,controlled-expansion,three-level,K3N4:1-3@0011;2-3@0111;5-6@1000,3,6,11/18,7/12,7/18,2/3,7/12,23/24
C729,expansion:three-level:K3,controlled-expansion,three-level,K3N4:1-3@0011;2-3@0111;5-6@1001,3,7,11/18,13/21,17/49,5/6,35/54,619/648
C730,expansion:three-level:K3,controlled-expansion,three-level,K3N4:1-3@0011;2-3@0111;5-6@1011,3,8,11/18,31/48,11/32,7/6,493/648,923/972
C731,expansion:three-level:K3,controlled-expansion,three-level,K3N4:1-3@0011;2-3@0111;5-6@1100,3,7,11/18,13/21,17/49,5/6,7/12,205/216
C732,expansion:three-level:K3,controlled-expansion,three-level,K3N4:1-3@0011;2-3@0111;5-6@1101,3,8,11/18,31/48,11/32,7/6,575/864,203/216
C733,expansion:three-level:K3,controlled-expansion,three-level,K3N4:1-3@0011;2-3@0111;5-6@1111,3,9,11/18,2/3,29/81,5/3,1031/1296,299/324
C734,expansion:three-level:K3,controlled-expansion,three-level,K3N4:1-3@0011;2-3@1100;5-6@0001,3,5,11/18,17/30,9/25,1/3,13/24,47/54
C735,expansion:three-level:K3,controlled-expansion,three-level,K3N4:1-3@0011;2-3@1100;5-6@0011,3,6,11/18,11/18,1/3,1/2,7/12,197/216
C736,expansion:three-level:K3,controlled-expansion,three-level,K3N4:1-3@0011;2-3@1100;5-6@0100,3,5,11/18,17/30,9/25,1/3,25/48,47/54
C737,expansion:three-level:K3,controlled-expansion,three-level,K3N4:1-3@0011;2-3@1100;5-6@0101,3,6,11/18,11/18,1/3,1/2,151/288,11/12
C738,expansion:three-level:K3,controlled-expansion,three-level,K3N4:1-3@0011;2-3@1100;5-6@0111,3,7,11/18,9/14,17/49,5/6,7/12,101/108
C739,expansion:three-level:K3,controlled-expansion,three-level,K3N4:1-3@0011;2-3@1100;5-6@1100,3,6,11/18,11/18,1/3,1/2,25/48,97/108
C740,expansion:three-level:K3,controlled-expansion,three-level,K3N4:1-3@0011;2-3@1100;5-6@1101,3,7,11/18,9/14,17/49,5/6,13/24,199/216
C741,expansion:three-level:K3,controlled-expansion,three-level,K3N4:1-3@0011;2-3@1100;5-6@1111,3,8,11/18,2/3,3/8,4/3,89/144,25/27
C742,expansion:three-level:K3,controlled-expansion,three-level,K3N4:1-3@0011;2-3@1101;5-6@0001,3,6,11/18,7/12,7/18,2/3,67/108,131/162
C743,expansion:three-level:K3,controlled-expansion,three-level,K3N4:1-3@0011;2-3@1101;5-6@0010,3,6,11/18,7/12,7/18,2/3,61/96,187/216
C744,expansion:three-level:K3,controlled-expansion,three-level,K3N4:1-3@0011;2-3@1101;5-6@0011,3,7,11/18,13/21,17/49,5/6,295/432,569/648
C745,expansion:three-level:K3,controlled-expansion,three-level,K3N4:1-3@0011;2-3@1101;5-6@0100,3,6,11/18,7/12,7/18,2/3,161/288,47/54
C746,expansion:three-level:K3,controlled-expansion,three-level,K3N4:1-3@0011;2-3@1101;5-6@0101,3,7,11/18,13/21,17/49,5/6,253/432,287/324
C747,expansion:three-level:K3,controlled-expansion,three-level,K3N4:1-3@0011;2-3@1101;5-6@0110,3,7,11/18,13/21,17/49,5/6,173/288,197/216
C748,expansion:three-level:K3,controlled-expansion,three-level,K3N4:1-3@0011;2-3@1101;5-6@0111,3,8,11/18,31/48,11/32,7/6,575/864,11/12
C749,expansion:three-level:K3,controlled-expansion,three-level,K3N4:1-3@0011;2-3@1101;5-6@1100,3,7,11/18,13/21,17/49,5/6,13/24,49/54
C750,expansion:three-level:K3,controlled-expansion,three-level,K3N4:1-3@0011;2-3@1101;5-6@1101,3,8,11/18,31/48,11/32,7/6,253/432,589/648
C751,expansion:three-level:K3,controlled-expansion,three-level,K3N4:1-3@0011;2-3@1101;5-6@1110,3,8,11/18,31/48,11/32,7/6,173/288,25/27
C752,expansion:three-level:K3,controlled-expansion,three-level,K3N4:1-3@0011;2-3@1101;5-6@1111,3,9,11/18,2/3,29/81,5/3,295/432,1193/1296
C753,expansion:three-level:K3,controlled-expansion,three-level,K3N4:1-3@0011;2-3@1111;5-6@0001,3,7,11/18,25/42,3/7,7/6,325/432,173/216
C754,expansion:three-level:K3,controlled-expansion,three-level,K3N4:1-3@0011;2-3@1111;5-6@0011,3,8,11/18,5/8,3/8,4/3,269/324,793/972
C755,expansion:three-level:K3,controlled-expansion,three-level,K3N4:1-3@0011;2-3@1111;5-6@0100,3,7,11/18,25/42,3/7,7/6,47/72,41/48
C756,expansion:three-level:K3,controlled-expansion,three-level,K3N4:1-3@0011;2-3@1111;5-6@0101,3,8,11/18,5/8,3/8,4/3,605/864,569/648
C757,expansion:three-level:K3,controlled-expansion,three-level,K3N4:1-3@0011;2-3@1111;5-6@0111,3,9,11/18,35/54,29/81,5/3,1031/1296,143/162
C758,expansion:three-level:K3,controlled-expansion,three-level,K3N4:1-3@0011;2-3@1111;5-6@1100,3,8,11/18,5/8,3/8,4/3,89/144,779/864
C759,expansion:three-level:K3,controlled-expansion,three-level,K3N4:1-3@0011;2-3@1111;5-6@1101,3,9,11/18,35/54,29/81,5/3,295/432,589/648
C760,expansion:three-level:K3,controlled-expansion,three-level,K3N4:1-3@0011;2-3@1111;5-6@1111,3,10,11/18,2/3,9/25,13/6,1031/1296,65/72
C761,expansion:three-level:K3,controlled-expansion,three-level,K3N4:1-3@0111;2-3@0001;5-6@1000,3,5,11/18,1/2,11/25,1/2,83/144,25/27
C762,expansion:three-level:K3,controlled-expansion,three-level,K3N4:1-3@0111;2-3@0001;5-6@1001,3,6,11/18,5/9,7/18,2/3,125/216,73/81
C763,expansion:three-level:K3,controlled-expansion,three-level,K3N4:1-3@0111;2-3@0001;5-6@1010,3,6,11/18,5/9,7/18,2/3,161/288,25/27
C764,expansion:three-level:K3,controlled-expansion,three-level,K3N4:1-3@0111;2-3@0001;5-6@1011,3,7,11/18,25/42,19/49,1,259/432,73/81
C765,expansion:three-level:K3,controlled-expansion,three-level,K3N4:1-3@0111;2-3@0001;5-6@1110,3,7,11/18,25/42,19/49,1,43/72,133/144
C766,expansion:three-level:K3,controlled-expansion,three-level,K3N4:1-3@0111;2-3@0001;5-6@1111,3,8,11/18,5/8,13/32,3/2,73/108,1163/1296
C767,expansion:three-level:K3,controlled-expansion,three-level,K3N4:1-3@0111;2-3@0011;5-6@1000,3,6,11/18,19/36,7/18,2/3,13/24,17/18
C768,expansion:three-level:K3,controlled-expansion,three-level,K3N4:1-3@0111;2-3@0011;5-6@1001,3,7,11/18,4/7,17/49,5/6,61/108,151/162
C769,expansion:three-level:K3,controlled-expansion,three-level,K3N4:1-3@0111;2-3@0011;5-6@1011,3,8,11/18,29/48,11/32,7/6,103/162,221/243
C770,expansion:three-level:K3,controlled-expansion,three-level,K3N4:1-3@0111;2-3@0011;5-6@1100,3,7,11/18,4/7,17/49,5/6,9/16,407/432
C771,expansion:three-level:K3,controlled-expansion,three-level,K3N4:1-3@0111;2-3@0011;5-6@1101,3,8,11/18,29/48,11/32,7/6,539/864,401/432
C772,expansion:three-level:K3,controlled-expansion,three-level,K3N4:1-3@0111;2-3@0011;5-6@1111,3,9,11/18,17/27,29/81,5/3,475/648,65/72
C773,expansion:three-level:K3,controlled-expansion,three-level,K3N4:1-3@0111;2-3@0111;5-6@1000,3,7,11/18,23/42,19/49,1,9/16,137/144
C774,expansion:three-level:K3,controlled-expansion,three-level,K3N4:1-3@0111;2-3@0111;5-6@1001,3,8,11/18,7/12,11/32,7/6,131/216,1223/1296
C775,expansion:three-level:K3,controlled-expansion,three-level,K3N4:1-3@0111;2-3@0111;5-6@1011,3,9,11/18,11/18,1/3,3/2,905/1296,1807/1944
C776,expansion:three-level:K3,controlled-expansion,three-level,K3N4:1-3@0111;2-3@0111;5-6@1111,3,10,11/18,19/30,17/50,2,181/216,2633/2916
C777,expansion:three-level:K3,controlled-expansion,three-level,K3N4:1-3@0111;2-3@1000;5-6@0001,3,5,11/18,1/2,11/25,1/2,83/144,47/54
C778,expansion:three-level:K3,controlled-expansion,three-level,K3N4:1-3@0111;2-3@1000;5-6@0011,3,6,11/18,5/9,7/18,2/3,13/24,11/12
C779,expansion:three-level:K3,controlled-expansion,three-level,K3N4:1-3@0111;2-3@1000;5-6@0111,3,7,11/18,25/42,19/49,1,9/16,15/16
C780,expansion:three-level:K3,controlled-expansion,three-level,K3N4:1-3@0111;2-3@1000;5-6@1000,3,5,11/18,1/2,11/25,1/2,2/3,5/6
C781,expansion:three-level:K3,controlled-expansion,three-level,K3N4:1-3@0111;2-3@1000;5-6@1001,3,6,11/18,5/9,7/18,2/3,19/32,95/108
C782,expansion:three-level:K3,controlled-expansion,three-level,K3N4:1-3@0111;2-3@1000;5-6@1011,3,7,11/18,25/42,19/49,1,83/144,65/72
C783,expansion:three-level:K3,controlled-expansion,three-level,K3N4:1-3@0111;2-3@1000;5-6@1111,3,8,11/18,5/8,13/32,3/2,59/96,131/144
C784,expansion:three-level:K3,controlled-expansion,three-level,K3N4:1-3@0111;2-3@1001;5-6@0001,3,6,11/18,19/36,7/18,2/3,125/216,131/162
C785,expansion:three-level:K3,controlled-expansion,three-level,K3N4:1-3@0111;2-3@1001;5-6@0010,3,6,11/18,19/36,7/18,2/3,161/288,47/54
C786,expansion:three-level:K3,controlled-expansion,three-level,K3N4:1-3@0111;2-3@1001;5-6@0011,3,7,11/18,4/7,17/49,5/6,61/108,287/324
C787,expansion:three-level:K3,controlled-expansion,three-level,K3N4:1-3@0111;2-3@1001;5-6@0110,3,7,11/18,4/7,17/49,5/6,9/16,395/432
C788,expansion:three-level:K3,controlled-expansion,three-level,K3N4:1-3@0111;2-3@1001;5-6@0111,3,8,11/18,29/48,11/32,7/6,131/216,1193/1296
C789,expansion:three-level:K3,controlled-expansion,three-level,K3N4:1-3@0111;2-3@1001;5-6@1000,3,6,11/18,19/36,7/18,2/3,19/32,23/27
C790,expansion:three-level:K3,controlled-expansion,three-level,K3N4:1-3@0111;2-3@1001;5-6@1001,3,7,11/18,4/7,17/49,5/6,125/216,277/324
C791,expansion:three-level:K3,controlled-expansion,three-level,K3N4:1-3@0111;2-3@1001;5-6@1010,3,7,11/18,4/7,17/49,5/6,161/288,97/108
C792,expansion:three-level:K3,controlled-expansion,three-level,K3N4:1-3@0111;2-3@1001;5-6@1011,3,8,11/18,29/48,11/32,7/6,503/864,193/216
C793,expansion:three-level:K3,controlled-expansion,three-level,K3N4:1-3@0111;2-3@1001;5-6@1110,3,8,11/18,29/48,11/32,7/6,167/288,397/432
C794,expansion:three-level:K3,controlled-expansion,three-level,K3N4:1-3@0111;2-3@1001;5-6@1111,3,9,11/18,17/27,29/81,5/3,277/432,589/648
C795,expansion:three-level:K3,controlled-expansion,three-level,K3N4:1-3@0111;2-3@1011;5-6@0001,3,7,11/18,23/42,19/49,1,259/432,131/162
C796,expansion:three-level:K3,controlled-expansion,three-level,K3N4:1-3@0111;2-3@1011;5-6@0011,3,8,11/18,7/12,11/32,7/6,103/162,403/486
C797,expansion:three-level:K3,controlled-expansion,three-level,K3N4:1-3@0111;2-3@1011;5-6@0100,3,7,11/18,23/42,19/49,1,43/72,125/144
C798,expansion:three-level:K3,controlled-expansion,three-level,K3N4:1-3@0111;2-3@1011;5-6@0101,3,8,11/18,7/12,11/32,7/6,539/864,127/144
C799,expansion:three-level:K3,controlled-expansion,three-level,K3N4:1-3@0111;2-3@1011;5-6@0111,3,9,11/18,11/18,1/3,3/2,905/1296,1729/1944
C800,expansion:three-level:K3,controlled-expansion,three-level,K3N4:1-3@0111;2-3@1011;5-6@1000,3,7,11/18,23/42,19/49,1,83/144,31/36
C801,expansion:three-level:K3,controlled-expansion,three-level,K3N4:1-3@0111;2-3@1011;5-6@1001,3,8,11/18,7/12,11/32,7/6,503/864,47/54
C802,expansion:three-level:K3,controlled-expansion,three-level,K3N4:1-3@0111;2-3@1011;5-6@1011,3,9,11/18,11/18,1/3,3/2,103/162,845/972
C803,expansion:three-level:K3,controlled-expansion,three-level,K3N4:1-3@0111;2-3@1011;5-6@1100,3,8,11/18,7/12,11/32,7/6,167/288,391/432
C804,expansion:three-level:K3,controlled-expansion,three-level,K3N4:1-3@0111;2-3@1011;5-6@1101,3,9,11/18,11/18,1/3,3/2,539/864,391/432
C805,expansion:three-level:K3,controlled-expansion,three-level,K3N4:1-3@0111;2-3@1011;5-6@1111,3,10,11/18,19/30,17/50,2,1855/2592,871/972
C806,expansion:three-level:K3,controlled-expansion,three-level,K3N4:1-3@0111;2-3@1111;5-6@0001,3,8,11/18,9/16,13/32,3/2,73/108,1043/1296
C807,expansion:three-level:K3,controlled-expansion,three-level,K3N4:1-3@0111;2-3@1111;5-6@0011,3,9,11/18,16/27,29/81,5/3,475/648,533/648
C808,expansion:three-level:K3,controlled-expansion,three-level,K3N4:1-3@0111;2-3@1111;5-6@0111,3,10,11/18,37/60,17/50,2,181/216,2423/2916
C809,expansion:three-level:K3,controlled-expansion,three-level,K3N4:1-3@0111;2-3@1111;5-6@1000,3,8,11/18,9/16,13/32,3/2,59/96,247/288
C810,expansion:three-level:K3,controlled-expansion,three-level,K3N4:1-3@0111;2-3@1111;5-6@1001,3,9,11/18,16/27,29/81,5/3,277/432,1133/1296
C811,expansion:three-level:K3,controlled-expansion,three-level,K3N4:1-3@0111;2-3@1111;5-6@1011,3,10,11/18,37/60,17/50,2,1855/2592,1703/1944
C812,expansion:three-level:K3,controlled-expansion,three-level,K3N4:1-3@0111;2-3@1111;5-6@1111,3,11,11/18,7/11,41/121,5/2,181/216,632/729
C813,expansion:three-level:K3,controlled-expansion,three-level,K3N4:1-3@1111;2-3@0001;5-6@0001,3,6,11/18,17/36,1/2,1,41/54,121/162
C814,expansion:three-level:K3,controlled-expansion,three-level,K3N4:1-3@1111;2-3@0001;5-6@0010,3,6,11/18,17/36,1/2,1,203/288,20/27
C815,expansion:three-level:K3,controlled-expansion,three-level,K3N4:1-3@1111;2-3@0001;5-6@0011,3,7,11/18,11/21,3/7,7/6,289/432,89/108
C816,expansion:three-level:K3,controlled-expansion,three-level,K3N4:1-3@1111;2-3@0001;5-6@0110,3,7,11/18,11/21,3/7,7/6,91/144,5/6
C817,expansion:three-level:K3,controlled-expansion,three-level,K3N4:1-3@1111;2-3@0001;5-6@0111,3,8,11/18,9/16,13/32,3/2,137/216,559/648
C818,expansion:three-level:K3,controlled-expansion,three-level,K3N4:1-3@1111;2-3@0001;5-6@1110,3,8,11/18,9/16,13/32,3/2,59/96,253/288
C819,expansion:three-level:K3,controlled-expansion,three-level,K3N4:1-3@1111;2-3@0001;5-6@1111,3,9,11/18,16/27,11/27,2,283/432,2281/2592
C820,expansion:three-level:K3,controlled-expansion,three-level,K3N4:1-3@1111;2-3@0011;5-6@0001,3,7,11/18,1/2,3/7,7/6,289/432,7/9
C821,expansion:three-level:K3,controlled-expansion,three-level,K3N4:1-3@1111;2-3@0011;5-6@0011,3,8,11/18,13/24,3/8,4/3,215/324,377/486
C822,expansion:three-level:K3,controlled-expansion,three-level,K3N4:1-3@1111;2-3@0011;5-6@0100,3,7,11/18,1/2,3/7,7/6,91/144,29/36
C823,expansion:three-level:K3,controlled-expansion,three-level,K3N4:1-3@1111;2-3@0011;5-6@0101,3,8,11/18,13/24,3/8,4/3,533/864,277/324
C824,expansion:three-level:K3,controlled-expansion,three-level,K3N4:1-3@1111;2-3@0011;5-6@0111,3,9,11/18,31/54,29/81,5/3,421/648,91/108
C825,expansion:three-level:K3,controlled-expansion,three-level,K3N4:1-3@1111;2-3@0011;5-6@1100,3,8,11/18,13/24,3/8,4/3,43/72,755/864
C826,expansion:three-level:K3,controlled-expansion,three-level,K3N4:1-3@1111;2-3@0011;5-6@1101,3,9,11/18,31/54,29/81,5/3,67/108,2311/2592
C827,expansion:three-level:K3,controlled-expansion,three-level,K3N4:1-3@1111;2-3@0011;5-6@1111,3,10,11/18,3/5,9/25,13/6,56/81,377/432
C828,expansion:three-level:K3,controlled-expansion,three-level,K3N4:1-3@1111;2-3@0111;5-6@0001,3,8,11/18,25/48,13/32,3/2,137/216,257/324
C829,expansion:three-level:K3,controlled-expansion,three-level,K3N4:1-3@1111;2-3@0111;5-6@0011,3,9,11/18,5/9,29/81,5/3,421/648,65/81
C830,expansion:three-level:K3,controlled-expansion,three-level,K3N4:1-3@1111;2-3@0111;5-6@0111,3,10,11/18,7/12,17/50,2,77/108,1159/1458
C831,expansion:three-level:K3,controlled-expansion,three-level,K3N4:1-3@1111;2-3@0111;5-6@1000,3,8,11/18,25/48,13/32,3/2,59/96,241/288
C832,expansion:three-level:K3,controlled-expansion,three-level,K3N4:1-3@1111;2-3@0111;5-6@1001,3,9,11/18,5/9,29/81,5/3,67/108,2251/2592
C833,expansion:three-level:K3,controlled-expansion,three-level,K3N4:1-3@1111;2-3@0111;5-6@1011,3,10,11/18,7/12,17/50,2,1747/2592,3367/3888
C834,expansion:three-level:K3,controlled-expansion,three-level,K3N4:1-3@1111;2-3@0111;5-6@1111,3,11,11/18,20/33,41/121,5/2,335/432,4951/5832
C835,expansion:three-level:K3,controlled-expansion,three-level,K3N4:1-3@1111;2-3@1111;5-6@0001,3,9,11/18,29/54,11/27,2,283/432,2071/2592
C836,expansion:three-level:K3,controlled-expansion,three-level,K3N4:1-3@1111;2-3@1111;5-6@0011,3,10,11/18,17/30,9/25,13/6,56/81,13/16
C837,expansion:three-level:K3,controlled-expansion,three-level,K3N4:1-3@1111;2-3@1111;5-6@0111,3,11,11/18,13/22,41/121,5/2,335/432,4741/5832
C838,expansion:three-level:K3,controlled-expansion,three-level,K3N4:1-3@1111;2-3@1111;5-6@1111,3,12,11/18,11/18,1/3,3,49/54,2323/2916
